282195831455633408	Big_Bang_(South_Korean_band)	1
281085177579577344	Big_Bang_(South_Korean_band)	0
284743531795464192	Big_Bang_(South_Korean_band)	1
276382820048465921	Big_Bang_(South_Korean_band)	1
278864624596709376	Big_Bang_(South_Korean_band)	0
279772989904527360	Big_Bang_(South_Korean_band)	1
282206628403609600	Big_Bang_(South_Korean_band)	1
281579890803871744	Big_Bang_(South_Korean_band)	1
276423435473788928	Big_Bang_(South_Korean_band)	1
274928572903346176	Big_Bang_(South_Korean_band)	0
284369914008068096	Big_Bang_(South_Korean_band)	1
284584358046744576	Big_Bang_(South_Korean_band)	1
285034985486954498	Big_Bang_(South_Korean_band)	0
280794820467912705	Big_Bang_(South_Korean_band)	0
282155396406333442	Big_Bang_(South_Korean_band)	0
281202620150984704	Big_Bang_(South_Korean_band)	0
284387605464875009	Big_Bang_(South_Korean_band)	0
281170466624913408	Big_Bang_(South_Korean_band)	1
277116858270887936	Big_Bang_(South_Korean_band)	0
279359244157988864	Big_Bang_(South_Korean_band)	1
281485408406208512	Big_Bang_(South_Korean_band)	1
280738446660751360	Big_Bang_(South_Korean_band)	0
279870763115356160	Big_Bang_(South_Korean_band)	0
280376749387313152	Big_Bang_(South_Korean_band)	0
281090379728711680	Big_Bang_(South_Korean_band)	0
275135394499158016	Big_Bang_(South_Korean_band)	0
284851300003360769	Big_Bang_(South_Korean_band)	1
275292093717544963	Big_Bang_(South_Korean_band)	0
275473200643731457	Big_Bang_(South_Korean_band)	0
284746024499695616	Big_Bang_(South_Korean_band)	1
278897584607752192	Big_Bang_(South_Korean_band)	0
276900208506449920	Big_Bang_(South_Korean_band)	0
276849662265282560	Big_Bang_(South_Korean_band)	0
278337125571772416	Big_Bang_(South_Korean_band)	1
280744487939096576	Big_Bang_(South_Korean_band)	0
279635810544930816	Big_Bang_(South_Korean_band)	1
282470052584906753	Big_Bang_(South_Korean_band)	0
281815052502306816	Big_Bang_(South_Korean_band)	0
279217013719695360	Big_Bang_(South_Korean_band)	0
278254135294447616	Big_Bang_(South_Korean_band)	1
280728575366279168	Big_Bang_(South_Korean_band)	0
281294141399371776	Big_Bang_(South_Korean_band)	0
281523226612490240	Big_Bang_(South_Korean_band)	1
282170110775529472	Big_Bang_(South_Korean_band)	1
279769118499033088	Big_Bang_(South_Korean_band)	1
284350993863434240	Big_Bang_(South_Korean_band)	0
279715130948857856	Big_Bang_(South_Korean_band)	0
281912664991621120	Big_Bang_(South_Korean_band)	0
280776039628693505	Big_Bang_(South_Korean_band)	0
276925160861347840	Big_Bang_(South_Korean_band)	0
278600196601020416	Big_Bang_(South_Korean_band)	1
279622794768162816	Big_Bang_(South_Korean_band)	1
276412079722868736	Big_Bang_(South_Korean_band)	1
277148358550896642	Big_Bang_(South_Korean_band)	1
276166624489381888	Big_Bang_(South_Korean_band)	1
279217854967066624	Big_Bang_(South_Korean_band)	0
280715518221107200	Big_Bang_(South_Korean_band)	0
279217762231021568	Big_Bang_(South_Korean_band)	0
281802912211009537	Big_Bang_(South_Korean_band)	0
276514061863231490	Big_Bang_(South_Korean_band)	1
278864201643065347	Big_Bang_(South_Korean_band)	0
281247860983476225	Big_Bang_(South_Korean_band)	1
279216759666532352	Big_Bang_(South_Korean_band)	0
279645251147284480	Big_Bang_(South_Korean_band)	0
275858243505516545	Big_Bang_(South_Korean_band)	0
276520639983124480	Big_Bang_(South_Korean_band)	0
284833955662946305	Big_Bang_(South_Korean_band)	0
276011924020408320	Big_Bang_(South_Korean_band)	1
281086443621863424	Big_Bang_(South_Korean_band)	0
284777117043007488	Big_Bang_(South_Korean_band)	1
281921683596660736	Big_Bang_(South_Korean_band)	0
278928204700454913	Big_Bang_(South_Korean_band)	0
278588132469903361	Big_Bang_(South_Korean_band)	1
279054368471392257	Big_Bang_(South_Korean_band)	1
281183494158299137	Big_Bang_(South_Korean_band)	1
283011123656146945	Big_Bang_(South_Korean_band)	0
278744410416635904	Big_Bang_(South_Korean_band)	0
279278397199368192	Big_Bang_(South_Korean_band)	0
284510291176345601	Big_Bang_(South_Korean_band)	0
283298860254781440	Big_Bang_(South_Korean_band)	1
274920812602089472	Big_Bang_(South_Korean_band)	0
285309157081481216	Big_Bang_(South_Korean_band)	0
277158278532833280	Big_Bang_(South_Korean_band)	0
281764865541038081	Big_Bang_(South_Korean_band)	0
281474374018666496	Big_Bang_(South_Korean_band)	1
279644675206438912	Big_Bang_(South_Korean_band)	1
276759068629164032	Big_Bang_(South_Korean_band)	0
284400275211579393	Big_Bang_(South_Korean_band)	0
275698640956313601	Big_Bang_(South_Korean_band)	1
279217025396658176	Big_Bang_(South_Korean_band)	0
281516033871851521	Big_Bang_(South_Korean_band)	1
276759546389729280	Big_Bang_(South_Korean_band)	0
275400586176909313	Big_Bang_(South_Korean_band)	0
282314579382513665	Big_Bang_(South_Korean_band)	1
284823545933074432	Big_Bang_(South_Korean_band)	0
279398102681649153	Big_Bang_(South_Korean_band)	0
284754488185745408	Big_Bang_(South_Korean_band)	1
277207407141195777	Big_Bang_(South_Korean_band)	0
276004206081609728	Big_Bang_(South_Korean_band)	0
277499404548702209	Big_Bang_(South_Korean_band)	1
276059805364412417	Catherine%2c_Duchess_of_Cambridge	0
276415662895808512	Catherine%2c_Duchess_of_Cambridge	0
275640559073366016	Catherine%2c_Duchess_of_Cambridge	1
275661998707052544	Catherine%2c_Duchess_of_Cambridge	1
281825701131321346	Catherine%2c_Duchess_of_Cambridge	0
276782307300491265	Catherine%2c_Duchess_of_Cambridge	0
278582960146481153	Catherine%2c_Duchess_of_Cambridge	0
276832820444409857	Catherine%2c_Duchess_of_Cambridge	1
281436812222816257	Catherine%2c_Duchess_of_Cambridge	1
280217771168636928	Catherine%2c_Duchess_of_Cambridge	0
275951388352200705	Catherine%2c_Duchess_of_Cambridge	1
275633956303536128	Catherine%2c_Duchess_of_Cambridge	1
276018098350473216	Catherine%2c_Duchess_of_Cambridge	1
281097161368797184	Catherine%2c_Duchess_of_Cambridge	0
275631575432056832	Catherine%2c_Duchess_of_Cambridge	1
279187934048034816	Catherine%2c_Duchess_of_Cambridge	1
278508574106337281	Catherine%2c_Duchess_of_Cambridge	1
278119931009200129	Catherine%2c_Duchess_of_Cambridge	1
276123354526781440	Catherine%2c_Duchess_of_Cambridge	1
279457504071647233	Catherine%2c_Duchess_of_Cambridge	0
280075633298665472	Catherine%2c_Duchess_of_Cambridge	0
281036794999500800	Catherine%2c_Duchess_of_Cambridge	0
276734005980823552	Catherine%2c_Duchess_of_Cambridge	1
280150175572451328	Catherine%2c_Duchess_of_Cambridge	0
275639670459752449	Catherine%2c_Duchess_of_Cambridge	1
275644452897439744	Catherine%2c_Duchess_of_Cambridge	1
275716778976481280	Catherine%2c_Duchess_of_Cambridge	1
276678561342054400	Catherine%2c_Duchess_of_Cambridge	1
281921820263845888	Catherine%2c_Duchess_of_Cambridge	0
274992302823444480	Catherine%2c_Duchess_of_Cambridge	0
284665155369988096	Catherine%2c_Duchess_of_Cambridge	1
281446145727807488	Catherine%2c_Duchess_of_Cambridge	0
281866632303894528	Catherine%2c_Duchess_of_Cambridge	0
278970002231672832	Catherine%2c_Duchess_of_Cambridge	0
278946577110953984	Catherine%2c_Duchess_of_Cambridge	0
275632907438157825	Catherine%2c_Duchess_of_Cambridge	1
279254788380708864	Catherine%2c_Duchess_of_Cambridge	1
282604434914164738	Catherine%2c_Duchess_of_Cambridge	1
277520124288856064	Catherine%2c_Duchess_of_Cambridge	0
278145172737499136	Catherine%2c_Duchess_of_Cambridge	1
277471998601469953	Catherine%2c_Duchess_of_Cambridge	1
280456162070122496	Catherine%2c_Duchess_of_Cambridge	1
277214746980265984	Catherine%2c_Duchess_of_Cambridge	1
280048572597161984	Catherine%2c_Duchess_of_Cambridge	1
279126101526192132	Catherine%2c_Duchess_of_Cambridge	1
281315845291008001	Catherine%2c_Duchess_of_Cambridge	0
275487020418215936	Catherine%2c_Duchess_of_Cambridge	0
276876150133882880	Catherine%2c_Duchess_of_Cambridge	0
277201070843895808	Catherine%2c_Duchess_of_Cambridge	0
277019742756290560	Catherine%2c_Duchess_of_Cambridge	0
275942559149350912	Catherine%2c_Duchess_of_Cambridge	1
283632173595127811	Catherine%2c_Duchess_of_Cambridge	1
275659168453640193	Catherine%2c_Duchess_of_Cambridge	1
276297266757783552	Catherine%2c_Duchess_of_Cambridge	1
278621123950817280	Catherine%2c_Duchess_of_Cambridge	1
275934772579164160	Catherine%2c_Duchess_of_Cambridge	1
282509229158445056	Catherine%2c_Duchess_of_Cambridge	0
276571137088028673	Catherine%2c_Duchess_of_Cambridge	1
275789368910831616	Catherine%2c_Duchess_of_Cambridge	1
281315942582063104	Catherine%2c_Duchess_of_Cambridge	0
277774929787760641	Catherine%2c_Duchess_of_Cambridge	1
275635760533753856	Catherine%2c_Duchess_of_Cambridge	1
275703452447948801	Catherine%2c_Duchess_of_Cambridge	1
278864299160637440	Catherine%2c_Duchess_of_Cambridge	0
280534795593859072	Catherine%2c_Duchess_of_Cambridge	0
283319601574576128	Catherine%2c_Duchess_of_Cambridge	0
276870039137828865	Catherine%2c_Duchess_of_Cambridge	0
278216760832950272	Catherine%2c_Duchess_of_Cambridge	1
274888957723041792	Catherine%2c_Duchess_of_Cambridge	1
277048105722064897	Catherine%2c_Duchess_of_Cambridge	1
276026334046724096	Catherine%2c_Duchess_of_Cambridge	0
276622749793923072	Catherine%2c_Duchess_of_Cambridge	1
284451968431300608	Catherine%2c_Duchess_of_Cambridge	0
285132746186170369	Catherine%2c_Duchess_of_Cambridge	0
277941432331956225	Catherine%2c_Duchess_of_Cambridge	1
276061523657515008	Catherine%2c_Duchess_of_Cambridge	1
276674358125154305	Catherine%2c_Duchess_of_Cambridge	1
281468653348724736	Catherine%2c_Duchess_of_Cambridge	0
281437729680674816	Catherine%2c_Duchess_of_Cambridge	0
278344215220600832	Catherine%2c_Duchess_of_Cambridge	0
280371883294199808	Catherine%2c_Duchess_of_Cambridge	0
277104857209528321	Catherine%2c_Duchess_of_Cambridge	1
275633551096020992	Catherine%2c_Duchess_of_Cambridge	1
278552612255698944	Catherine%2c_Duchess_of_Cambridge	1
275645519467008001	Catherine%2c_Duchess_of_Cambridge	1
284858140095299585	Catherine%2c_Duchess_of_Cambridge	0
280724341077979137	Catherine%2c_Duchess_of_Cambridge	0
276495497030668288	Catherine%2c_Duchess_of_Cambridge	0
276011244652212224	Catherine%2c_Duchess_of_Cambridge	1
275738751689433088	Catherine%2c_Duchess_of_Cambridge	1
275664603441156096	Catherine%2c_Duchess_of_Cambridge	1
275989402445021185	Catherine%2c_Duchess_of_Cambridge	1
280568111978135553	Catherine%2c_Duchess_of_Cambridge	1
284330510900154368	Catherine%2c_Duchess_of_Cambridge	0
275641844338130944	Catherine%2c_Duchess_of_Cambridge	1
275977861305872386	Catherine%2c_Duchess_of_Cambridge	1
277570772682289154	Catherine%2c_Duchess_of_Cambridge	1
283723493932167169	Catherine%2c_Duchess_of_Cambridge	0
277087824606535680	Catherine%2c_Duchess_of_Cambridge	1
285451101640212480	Catherine%2c_Duchess_of_Cambridge	0
283331475821170689	Django_Unchained	1
281108789493633025	Django_Unchained	1
282048275677315072	Django_Unchained	1
279284902615212032	Django_Unchained	1
284500503717613569	Django_Unchained	1
284202302523441153	Django_Unchained	0
285248805539024897	Django_Unchained	1
283740560219574272	Django_Unchained	1
285743390480547841	Django_Unchained	1
284110014891835392	Django_Unchained	1
279210020116254721	Django_Unchained	1
283748298039373824	Django_Unchained	1
283359090720251904	Django_Unchained	1
285803821559599104	Django_Unchained	1
285494382122119168	Django_Unchained	1
285896277374418945	Django_Unchained	1
282290893376069633	Django_Unchained	1
278219448144510976	Django_Unchained	1
278545425496174592	Django_Unchained	1
283741363428814849	Django_Unchained	1
285124435038584832	Django_Unchained	1
285572148142157824	Django_Unchained	1
282965580586299392	Django_Unchained	1
283152568891363328	Django_Unchained	1
283761789496348672	Django_Unchained	1
276050427798228992	Django_Unchained	1
280805929212076033	Django_Unchained	1
284279243591000066	Django_Unchained	1
284888502125092864	Django_Unchained	1
284864854567817216	Django_Unchained	0
278869305670639616	Django_Unchained	1
279388387071381504	Django_Unchained	1
283689003960651776	Django_Unchained	1
283605686007496704	Django_Unchained	1
285147470684643328	Django_Unchained	1
284059459356078081	Django_Unchained	1
279204937697726465	Django_Unchained	1
275713521092812800	Django_Unchained	1
285305569135443970	Django_Unchained	1
285705088989810688	Django_Unchained	1
284487354423578624	Django_Unchained	1
285475386811379713	Django_Unchained	1
283609268018638849	Django_Unchained	1
284105450331439104	Django_Unchained	1
282938648851275776	Django_Unchained	1
284526902532767744	Django_Unchained	1
284483646881161216	Django_Unchained	1
281845325075984384	Django_Unchained	1
284535952213434368	Django_Unchained	1
283721328337514497	Django_Unchained	1
283414645925101568	Django_Unchained	1
285251740780077056	Django_Unchained	1
282725500118528001	Django_Unchained	1
284004555996397568	Django_Unchained	1
278669112673177600	Django_Unchained	1
283597205233876992	Django_Unchained	1
284477208045690880	Django_Unchained	1
285780873255723008	Django_Unchained	1
284702824300961792	Django_Unchained	1
279643916104503298	Django_Unchained	1
283414233662763008	Django_Unchained	1
279001523558678528	Django_Unchained	1
283674882846380032	Django_Unchained	1
281147103038820354	Django_Unchained	1
278317632741064704	Django_Unchained	1
284073131356868609	Django_Unchained	1
285578589695520768	Django_Unchained	1
283658753247674368	Django_Unchained	1
284134133804961792	Django_Unchained	1
274757240873959425	Django_Unchained	1
284012960089784320	Django_Unchained	1
284610508777201664	Django_Unchained	1
283260806416699392	Django_Unchained	1
285295055432982528	Django_Unchained	1
284075384234975232	Django_Unchained	1
278959624013615105	Django_Unchained	1
278200807038517248	Django_Unchained	1
285451023076687874	Django_Unchained	1
283798089016434688	Django_Unchained	1
281277760012423169	Django_Unchained	1
283772395196653568	Django_Unchained	1
283656007064887296	Django_Unchained	1
276876744986861569	Django_Unchained	1
279489072978853888	Django_Unchained	1
281136933978132480	Django_Unchained	1
279228502971133953	Django_Unchained	1
283685467168321537	Django_Unchained	1
284370381064785920	Django_Unchained	1
284301274013388800	Django_Unchained	1
281484684305776640	Django_Unchained	1
283619010250170369	Django_Unchained	1
285514276549033984	Django_Unchained	1
285128575907160064	Django_Unchained	0
284058122065178626	Django_Unchained	1
285578497341140993	Django_Unchained	1
283783243554250752	Django_Unchained	1
284362838049431552	Django_Unchained	1
285534330732822530	Django_Unchained	1
285097911384158208	Django_Unchained	1
283992231583576064	Django_Unchained	1
277430433174679552	Hanukkah	1
278505164019744768	Hanukkah	0
275061219143061504	Hanukkah	0
277206693862068224	Hanukkah	0
277151923185004544	Hanukkah	1
276431644884344832	Hanukkah	0
274900686007828483	Hanukkah	0
278877686867316737	Hanukkah	1
278179052764938241	Hanukkah	1
277216216601468928	Hanukkah	0
277438732158771200	Hanukkah	1
276963029759975424	Hanukkah	0
277412477019508737	Hanukkah	1
279026627877404672	Hanukkah	1
278967712758235136	Hanukkah	1
276832158042177536	Hanukkah	1
277548126993256448	Hanukkah	1
283623896605945856	Hanukkah	0
281503920986140672	Hanukkah	0
277884147626819585	Hanukkah	1
279335679375335426	Hanukkah	0
277223565818998785	Hanukkah	1
278163545961676802	Hanukkah	1
277456308586831873	Hanukkah	1
277458116126314496	Hanukkah	1
284335435709288448	Hanukkah	0
277613920657743872	Hanukkah	1
278665798799732736	Hanukkah	1
278634123512389632	Hanukkah	1
281518013025488896	Hanukkah	0
277153823385063424	Hanukkah	1
279600100228091904	Hanukkah	1
277546292681506817	Hanukkah	1
278593869346643968	Hanukkah	1
277586094743244800	Hanukkah	1
277520073944596480	Hanukkah	1
277472833347665920	Hanukkah	1
277548432418291712	Hanukkah	1
275652729702072321	Hanukkah	1
280047276687253504	Hanukkah	1
280122680882126848	Hanukkah	1
276671158491942912	Hanukkah	1
276672436274081792	Hanukkah	0
277470044965986304	Hanukkah	1
278290519623352321	Hanukkah	0
277508002624458752	Hanukkah	1
278867554473213952	Hanukkah	0
277555962364174336	Hanukkah	1
277533175188709376	Hanukkah	1
279318810417303554	Hanukkah	1
277532352048164864	Hanukkah	1
277457543662546944	Hanukkah	1
276117037468762113	Hanukkah	0
281760899381989377	Hanukkah	0
277578336421687296	Hanukkah	1
277097805598818304	Hanukkah	1
282582069262045184	Hanukkah	0
280559134364028928	Hanukkah	0
278238407749140480	Hanukkah	1
277284330382958592	Hanukkah	0
277578259191959552	Hanukkah	1
277627430674526208	Hanukkah	1
276739978560679936	Hanukkah	0
277788096865648640	Hanukkah	0
279346269758029824	Hanukkah	1
277548108815151104	Hanukkah	1
277492491983405056	Hanukkah	1
275065579889627136	Hanukkah	0
277085112728973313	Hanukkah	1
275652838959480832	Hanukkah	1
283714297870311424	Hanukkah	0
277180192928198657	Hanukkah	1
278956248576184321	Hanukkah	1
277482760917114881	Hanukkah	1
277580514796396544	Hanukkah	1
277158385709903872	Hanukkah	1
277575819054960640	Hanukkah	1
275046754423042048	Hanukkah	0
277502832544989184	Hanukkah	1
281640933248864257	Hanukkah	1
279625645301067777	Hillary_Rodham_Clinton	0
283715517536149504	Hillary_Rodham_Clinton	0
281138095607390208	Hillary_Rodham_Clinton	0
285717880056733697	Hillary_Rodham_Clinton	1
278992977723019264	Hillary_Rodham_Clinton	1
283987804541812736	Hillary_Rodham_Clinton	1
285878817694830592	Hillary_Rodham_Clinton	1
281523485329735680	Hillary_Rodham_Clinton	1
285565027623243777	Hillary_Rodham_Clinton	1
285788679660781569	Hillary_Rodham_Clinton	1
279610479876378624	Hillary_Rodham_Clinton	0
280376819696410624	Hillary_Rodham_Clinton	0
280132029419503617	Hillary_Rodham_Clinton	1
276827258130427905	Hillary_Rodham_Clinton	1
285557686517510145	Hillary_Rodham_Clinton	1
278921087503433728	Hillary_Rodham_Clinton	1
275643186687393793	Hillary_Rodham_Clinton	1
281872604657238016	Hillary_Rodham_Clinton	1
284759953502253056	Hillary_Rodham_Clinton	1
278627522357366784	Hillary_Rodham_Clinton	0
277962363213344769	Hillary_Rodham_Clinton	0
279265787196358656	Hillary_Rodham_Clinton	0
285552452994998272	Hillary_Rodham_Clinton	1
285873284703199232	Hillary_Rodham_Clinton	1
275377446235295744	Hillary_Rodham_Clinton	1
280037019210629120	Hillary_Rodham_Clinton	1
285870136081121280	Hillary_Rodham_Clinton	1
280003993663594496	Hillary_Rodham_Clinton	1
279028719828471808	Hillary_Rodham_Clinton	1
277161779921039360	Hillary_Rodham_Clinton	0
284112205874606080	Hillary_Rodham_Clinton	1
275965263646703618	Hillary_Rodham_Clinton	1
279596609334046722	Hillary_Rodham_Clinton	1
285560215301132288	Hillary_Rodham_Clinton	1
276854807707398144	Hillary_Rodham_Clinton	1
285865332307025920	Hillary_Rodham_Clinton	1
277796692408029184	Hillary_Rodham_Clinton	0
285781131255767040	Hillary_Rodham_Clinton	1
279776195703349248	Hillary_Rodham_Clinton	0
281467820104093696	Hillary_Rodham_Clinton	0
281256983183622144	Hillary_Rodham_Clinton	1
285092396683907072	Hillary_Rodham_Clinton	0
279083868030652416	Hillary_Rodham_Clinton	1
278631395084103680	Hillary_Rodham_Clinton	0
279399666666307584	Hillary_Rodham_Clinton	1
282151937737101313	Hillary_Rodham_Clinton	1
281841215085887488	Hillary_Rodham_Clinton	1
276472314726596609	Hillary_Rodham_Clinton	0
282220821345341441	Hillary_Rodham_Clinton	1
282159723875295232	Hillary_Rodham_Clinton	0
275006316685164545	Hillary_Rodham_Clinton	0
275689958981898240	Hillary_Rodham_Clinton	1
279660887504207872	Hillary_Rodham_Clinton	0
280924867329658880	Hillary_Rodham_Clinton	0
280039605183590400	Hillary_Rodham_Clinton	1
285558615945920512	Hillary_Rodham_Clinton	1
279419100902608896	Hillary_Rodham_Clinton	1
277886239447871488	Hillary_Rodham_Clinton	1
275645960774877184	Hillary_Rodham_Clinton	1
276800686786764800	Hillary_Rodham_Clinton	0
285572713442062336	Hillary_Rodham_Clinton	0
281866447867764738	Hillary_Rodham_Clinton	1
276710152390983680	Hillary_Rodham_Clinton	0
280736930801537024	Hillary_Rodham_Clinton	0
278933655743762433	Hillary_Rodham_Clinton	0
282212944111087616	Hillary_Rodham_Clinton	1
275165757028065280	Hillary_Rodham_Clinton	0
278351383911071745	Hillary_Rodham_Clinton	1
277904630858526720	Hillary_Rodham_Clinton	0
275456390552760320	Hillary_Rodham_Clinton	1
281031341137592322	Hillary_Rodham_Clinton	0
278617002719969281	Hillary_Rodham_Clinton	1
280144971133227008	Hillary_Rodham_Clinton	1
284712857868857346	Hillary_Rodham_Clinton	0
279366137760841729	Hillary_Rodham_Clinton	0
281424678436888577	Hillary_Rodham_Clinton	1
278421190257803264	Hillary_Rodham_Clinton	1
284717996189028353	Hillary_Rodham_Clinton	0
280021488843759616	Hillary_Rodham_Clinton	1
280053340644208640	Hillary_Rodham_Clinton	0
276620501948964864	Hillary_Rodham_Clinton	1
278221905499127808	Hillary_Rodham_Clinton	1
277231283535499266	Hillary_Rodham_Clinton	1
280012472033882115	Hillary_Rodham_Clinton	1
279996407040049153	Hillary_Rodham_Clinton	0
285694346689396737	Hillary_Rodham_Clinton	1
285592300044824577	Hillary_Rodham_Clinton	1
275708503379824640	Hillary_Rodham_Clinton	1
276303677273296896	Hillary_Rodham_Clinton	1
281522047862067201	Hillary_Rodham_Clinton	1
277442923417702400	Hillary_Rodham_Clinton	0
285753512485335041	Hillary_Rodham_Clinton	1
285533588890468353	Hillary_Rodham_Clinton	0
277772053195677697	Hillary_Rodham_Clinton	1
275595159503249408	Hillary_Rodham_Clinton	0
275620010871889921	Hillary_Rodham_Clinton	0
280018824449896448	Hillary_Rodham_Clinton	1
278928794407022593	Hillary_Rodham_Clinton	1
275573344919748608	Hillary_Rodham_Clinton	1
278125889890439168	Hillary_Rodham_Clinton	0
283736421011976192	Les_Mis%c3%a9rables_(2012_film)	1
284234426261598210	Les_Mis%c3%a9rables_(2012_film)	1
284427202207031296	Les_Mis%c3%a9rables_(2012_film)	1
285514784693161984	Les_Mis%c3%a9rables_(2012_film)	1
284504571676590080	Les_Mis%c3%a9rables_(2012_film)	1
283965661053595648	Les_Mis%c3%a9rables_(2012_film)	1
276519395323416576	Les_Mis%c3%a9rables_(2012_film)	1
284459678916829184	Les_Mis%c3%a9rables_(2012_film)	1
277112777485733888	Les_Mis%c3%a9rables_(2012_film)	1
283577320739045376	Les_Mis%c3%a9rables_(2012_film)	1
284344849761718272	Les_Mis%c3%a9rables_(2012_film)	1
276208104453046272	Les_Mis%c3%a9rables_(2012_film)	1
278522457042862081	Les_Mis%c3%a9rables_(2012_film)	1
276765380448485376	Les_Mis%c3%a9rables_(2012_film)	1
284183857643782144	Les_Mis%c3%a9rables_(2012_film)	1
276775501845114880	Les_Mis%c3%a9rables_(2012_film)	1
283653286958092289	Les_Mis%c3%a9rables_(2012_film)	0
281180032024596480	Les_Mis%c3%a9rables_(2012_film)	0
277266301964148736	Les_Mis%c3%a9rables_(2012_film)	1
284487354423578624	Les_Mis%c3%a9rables_(2012_film)	1
283797164499550208	Les_Mis%c3%a9rables_(2012_film)	1
284343156022079490	Les_Mis%c3%a9rables_(2012_film)	1
276782299549409281	Les_Mis%c3%a9rables_(2012_film)	1
281032828806909952	Les_Mis%c3%a9rables_(2012_film)	1
279375293255393280	Les_Mis%c3%a9rables_(2012_film)	1
281574555544326146	Les_Mis%c3%a9rables_(2012_film)	1
283877295670820864	Les_Mis%c3%a9rables_(2012_film)	1
283689208495886337	Les_Mis%c3%a9rables_(2012_film)	1
285832240276070400	Les_Mis%c3%a9rables_(2012_film)	1
278372879274491905	Les_Mis%c3%a9rables_(2012_film)	1
283994815870402560	Les_Mis%c3%a9rables_(2012_film)	1
283774240329703424	Les_Mis%c3%a9rables_(2012_film)	1
282003453608329216	Les_Mis%c3%a9rables_(2012_film)	1
278193993601396736	Les_Mis%c3%a9rables_(2012_film)	1
279394735829966848	Les_Mis%c3%a9rables_(2012_film)	0
282644205514416128	Les_Mis%c3%a9rables_(2012_film)	1
284389581971922944	Les_Mis%c3%a9rables_(2012_film)	1
275498539709255680	Les_Mis%c3%a9rables_(2012_film)	1
281443142031527938	Les_Mis%c3%a9rables_(2012_film)	1
280862930558406658	Les_Mis%c3%a9rables_(2012_film)	0
281857568035450881	Les_Mis%c3%a9rables_(2012_film)	1
284134331302166530	Les_Mis%c3%a9rables_(2012_film)	1
276843442825482240	Les_Mis%c3%a9rables_(2012_film)	1
283748098071728128	Les_Mis%c3%a9rables_(2012_film)	1
283617430914347008	Les_Mis%c3%a9rables_(2012_film)	1
284439035592712196	Les_Mis%c3%a9rables_(2012_film)	1
284107567540625408	Les_Mis%c3%a9rables_(2012_film)	1
282231228936114177	Les_Mis%c3%a9rables_(2012_film)	1
278575531304312833	Les_Mis%c3%a9rables_(2012_film)	1
279235465880670208	Les_Mis%c3%a9rables_(2012_film)	1
283414815601475585	Les_Mis%c3%a9rables_(2012_film)	1
279233472537698304	Les_Mis%c3%a9rables_(2012_film)	1
283193624756367361	Les_Mis%c3%a9rables_(2012_film)	1
280683654085222400	Les_Mis%c3%a9rables_(2012_film)	1
284118950797783040	Les_Mis%c3%a9rables_(2012_film)	1
281477995754053634	Les_Mis%c3%a9rables_(2012_film)	0
281131516497653760	Les_Mis%c3%a9rables_(2012_film)	1
283397169434746881	Les_Mis%c3%a9rables_(2012_film)	1
279633455057350657	Les_Mis%c3%a9rables_(2012_film)	1
282417728986423296	Les_Mis%c3%a9rables_(2012_film)	1
276811970227875840	Les_Mis%c3%a9rables_(2012_film)	1
284477929247875073	Les_Mis%c3%a9rables_(2012_film)	1
284209521021288448	Les_Mis%c3%a9rables_(2012_film)	1
282174684349493248	Les_Mis%c3%a9rables_(2012_film)	0
278721538230988800	Les_Mis%c3%a9rables_(2012_film)	1
283594326758539264	Les_Mis%c3%a9rables_(2012_film)	1
281926839788781569	Les_Mis%c3%a9rables_(2012_film)	1
283580034285965312	Les_Mis%c3%a9rables_(2012_film)	1
285820497277620224	Les_Mis%c3%a9rables_(2012_film)	1
283505769100484608	Les_Mis%c3%a9rables_(2012_film)	1
283689286518325248	Les_Mis%c3%a9rables_(2012_film)	1
285642269875376129	Les_Mis%c3%a9rables_(2012_film)	1
285257037896617985	Les_Mis%c3%a9rables_(2012_film)	1
283653994461687808	Les_Mis%c3%a9rables_(2012_film)	1
284467524723154944	Les_Mis%c3%a9rables_(2012_film)	1
283612570793934848	Les_Mis%c3%a9rables_(2012_film)	1
284031858767966209	Les_Mis%c3%a9rables_(2012_film)	1
283598529388228608	Les_Mis%c3%a9rables_(2012_film)	1
284926175132925952	Les_Mis%c3%a9rables_(2012_film)	1
281199121233215488	Les_Mis%c3%a9rables_(2012_film)	1
284740136850305025	Les_Mis%c3%a9rables_(2012_film)	1
281225094733369344	Les_Mis%c3%a9rables_(2012_film)	1
278162114420543489	Les_Mis%c3%a9rables_(2012_film)	1
282295491583152128	Les_Mis%c3%a9rables_(2012_film)	0
284085354817019906	Les_Mis%c3%a9rables_(2012_film)	1
283441259018850304	Les_Mis%c3%a9rables_(2012_film)	1
276750560676442113	Les_Mis%c3%a9rables_(2012_film)	1
279008615812194304	Les_Mis%c3%a9rables_(2012_film)	1
282885022246113280	Les_Mis%c3%a9rables_(2012_film)	1
285848751397023744	Les_Mis%c3%a9rables_(2012_film)	1
285639291877605376	Les_Mis%c3%a9rables_(2012_film)	1
281969433398886400	Les_Mis%c3%a9rables_(2012_film)	0
284131555562110976	Les_Mis%c3%a9rables_(2012_film)	1
284033090412744704	Les_Mis%c3%a9rables_(2012_film)	1
275767261128704001	Les_Mis%c3%a9rables_(2012_film)	1
283007939898404864	Les_Mis%c3%a9rables_(2012_film)	1
283741235406065666	Les_Mis%c3%a9rables_(2012_film)	1
283638146627936256	Les_Mis%c3%a9rables_(2012_film)	1
283944744428658689	Les_Mis%c3%a9rables_(2012_film)	1
276743121117790209	Les_Mis%c3%a9rables_(2012_film)	1
281453645701189632	Newtown%2c_Connecticut	1
283706517075673090	Newtown%2c_Connecticut	1
283293310599192577	Newtown%2c_Connecticut	1
281270236156657664	Newtown%2c_Connecticut	1
279683814110949376	Newtown%2c_Connecticut	1
281254237244116992	Newtown%2c_Connecticut	1
282215576888287233	Newtown%2c_Connecticut	1
280803672361947137	Newtown%2c_Connecticut	1
279676942985342976	Newtown%2c_Connecticut	1
281493653891989504	Newtown%2c_Connecticut	1
281791247839010818	Newtown%2c_Connecticut	1
280512962404446208	Newtown%2c_Connecticut	1
281128253358485505	Newtown%2c_Connecticut	1
280729352776339456	Newtown%2c_Connecticut	1
279670115019145217	Newtown%2c_Connecticut	1
281170537068232705	Newtown%2c_Connecticut	1
279649105150627840	Newtown%2c_Connecticut	1
281089523503476736	Newtown%2c_Connecticut	1
282244163045576704	Newtown%2c_Connecticut	1
281075344180654080	Newtown%2c_Connecticut	1
280049632640397312	Newtown%2c_Connecticut	1
280131108648140800	Newtown%2c_Connecticut	1
279774428433354752	Newtown%2c_Connecticut	1
279674508305104898	Newtown%2c_Connecticut	1
280039571180355584	Newtown%2c_Connecticut	1
280467289520877568	Newtown%2c_Connecticut	1
280854061618716672	Newtown%2c_Connecticut	1
279689183830892545	Newtown%2c_Connecticut	1
279853937861984257	Newtown%2c_Connecticut	1
281514313557098496	Newtown%2c_Connecticut	1
280386830237569026	Newtown%2c_Connecticut	1
281187348107120641	Newtown%2c_Connecticut	1
279649375200878592	Newtown%2c_Connecticut	1
280760509551222784	Newtown%2c_Connecticut	1
279695466856325120	Newtown%2c_Connecticut	1
279988543307272192	Newtown%2c_Connecticut	1
279935424250642435	Newtown%2c_Connecticut	1
281111730539610113	Newtown%2c_Connecticut	1
279636900879405056	Newtown%2c_Connecticut	1
279955528170471424	Newtown%2c_Connecticut	1
281845936966205441	Newtown%2c_Connecticut	1
282189372021956608	Newtown%2c_Connecticut	1
285461356008849408	Newtown%2c_Connecticut	1
280083881712050177	Newtown%2c_Connecticut	1
280768171487662082	Newtown%2c_Connecticut	1
281114884786245633	Newtown%2c_Connecticut	1
282963694512652288	Newtown%2c_Connecticut	1
282208989679333377	Newtown%2c_Connecticut	1
282251387012800512	Newtown%2c_Connecticut	1
280724308240781312	Newtown%2c_Connecticut	1
279672908698222592	Newtown%2c_Connecticut	1
279970074197123074	Newtown%2c_Connecticut	1
281390807544651778	Newtown%2c_Connecticut	1
280418337849237505	Newtown%2c_Connecticut	1
281544504668979200	Newtown%2c_Connecticut	1
280347046614024193	Newtown%2c_Connecticut	1
281046936813973505	Newtown%2c_Connecticut	1
282159544111624192	Newtown%2c_Connecticut	1
282230565011349504	Newtown%2c_Connecticut	1
281242472812793858	Newtown%2c_Connecticut	1
280818104395788290	Newtown%2c_Connecticut	1
280738224412962816	Newtown%2c_Connecticut	1
280089022628524032	Newtown%2c_Connecticut	1
280736396879228928	Newtown%2c_Connecticut	1
279758660287217664	Newtown%2c_Connecticut	1
280462732271185920	Newtown%2c_Connecticut	1
281074898259030018	Newtown%2c_Connecticut	1
280321083192778752	Newtown%2c_Connecticut	1
280783892393390080	Newtown%2c_Connecticut	1
282226002531319808	Newtown%2c_Connecticut	1
280488354326392832	Newtown%2c_Connecticut	1
279698008944304128	Newtown%2c_Connecticut	1
280400946389983233	Newtown%2c_Connecticut	1
281409307650695169	Newtown%2c_Connecticut	1
280745836437192704	Newtown%2c_Connecticut	1
283995595889324032	Newtown%2c_Connecticut	1
282117470171561985	Newtown%2c_Connecticut	1
279653949051662337	Newtown%2c_Connecticut	1
279690350673657857	Newtown%2c_Connecticut	1
280509969785290752	Newtown%2c_Connecticut	1
280479402696011777	Newtown%2c_Connecticut	1
280682772127948800	Newtown%2c_Connecticut	1
280530630012448771	Newtown%2c_Connecticut	1
283620662910779392	Newtown%2c_Connecticut	1
281715271897595904	Newtown%2c_Connecticut	1
280719444047708160	Newtown%2c_Connecticut	1
279694845017206784	Newtown%2c_Connecticut	1
281849399070556162	Newtown%2c_Connecticut	1
280354232551473152	Newtown%2c_Connecticut	1
280779410104283137	Newtown%2c_Connecticut	1
279723701950361600	Newtown%2c_Connecticut	1
280489056989753344	Newtown%2c_Connecticut	1
279676843001536513	Newtown%2c_Connecticut	1
280004906469949441	Newtown%2c_Connecticut	1
279686874463883264	Newtown%2c_Connecticut	1
285399184746639360	Newtown%2c_Connecticut	1
279665289325588480	Newtown%2c_Connecticut	1
279673825862504448	Newtown%2c_Connecticut	1
280475860186828802	Newtown%2c_Connecticut	1
281378857880260609	Newtown%2c_Connecticut	1
277203577255104512	San_Antonio_Spurs	1
285454282399047681	San_Antonio_Spurs	0
281493781583368193	San_Antonio_Spurs	0
275693447963344896	San_Antonio_Spurs	1
282282860495388672	San_Antonio_Spurs	1
285074907434479616	San_Antonio_Spurs	0
285892153488592897	San_Antonio_Spurs	1
285577907722649602	San_Antonio_Spurs	1
285561410543550464	San_Antonio_Spurs	1
279435621116821505	San_Antonio_Spurs	1
277130931163234304	San_Antonio_Spurs	0
282358924672385025	San_Antonio_Spurs	0
276665017213022208	San_Antonio_Spurs	0
279373312193331200	San_Antonio_Spurs	1
275045090517471233	San_Antonio_Spurs	1
274692449320964096	San_Antonio_Spurs	1
280862135179935746	San_Antonio_Spurs	1
280152198866952194	San_Antonio_Spurs	1
278191822528974848	San_Antonio_Spurs	1
279262370965114881	San_Antonio_Spurs	0
276717149601542145	San_Antonio_Spurs	1
278330462714331137	San_Antonio_Spurs	1
283714514329935873	San_Antonio_Spurs	0
277266714633326592	San_Antonio_Spurs	0
284808741663170562	San_Antonio_Spurs	0
281183144571449344	San_Antonio_Spurs	0
284121739380793345	San_Antonio_Spurs	0
278591946979696640	San_Antonio_Spurs	1
276485535156015105	San_Antonio_Spurs	1
278350534866501632	San_Antonio_Spurs	1
276504014689026048	San_Antonio_Spurs	1
282175676767932417	San_Antonio_Spurs	1
281461399950094336	San_Antonio_Spurs	1
280946473363963904	San_Antonio_Spurs	0
284137822607265792	San_Antonio_Spurs	1
275067441351102465	San_Antonio_Spurs	1
281404136413605889	San_Antonio_Spurs	0
280839395102314497	San_Antonio_Spurs	1
283007075859169280	San_Antonio_Spurs	1
279072194708008961	San_Antonio_Spurs	1
281440817514704896	San_Antonio_Spurs	1
276553237946068992	San_Antonio_Spurs	1
282311323663077376	San_Antonio_Spurs	1
277514821568712706	San_Antonio_Spurs	1
285400291849936898	San_Antonio_Spurs	0
284875868004839425	San_Antonio_Spurs	1
282380733610328065	San_Antonio_Spurs	0
276565369991352320	San_Antonio_Spurs	1
278309123865604096	San_Antonio_Spurs	1
277793701135269888	San_Antonio_Spurs	1
275058537036648449	San_Antonio_Spurs	1
276534420020813824	San_Antonio_Spurs	0
278515920807280640	San_Antonio_Spurs	0
277978457592434688	San_Antonio_Spurs	0
284432368410959873	San_Antonio_Spurs	0
277595610922762242	San_Antonio_Spurs	0
277977188559638528	San_Antonio_Spurs	1
280544581454540800	San_Antonio_Spurs	0
282710309020524544	San_Antonio_Spurs	0
277542456776597504	San_Antonio_Spurs	0
280321836162613250	San_Antonio_Spurs	0
277561804610207746	San_Antonio_Spurs	0
281113830724083712	San_Antonio_Spurs	0
284868770927874049	San_Antonio_Spurs	1
281198721570594817	San_Antonio_Spurs	1
274873757334634497	San_Antonio_Spurs	1
279413546117394433	San_Antonio_Spurs	1
275031036184907776	San_Antonio_Spurs	1
278343719449669633	San_Antonio_Spurs	1
280091532948824065	San_Antonio_Spurs	0
280153901892780032	San_Antonio_Spurs	1
276380146859130881	San_Antonio_Spurs	1
279440435838058497	San_Antonio_Spurs	1
285578052652634114	San_Antonio_Spurs	1
281488344863621121	San_Antonio_Spurs	0
285503927372353536	San_Antonio_Spurs	1
278363378605498368	San_Antonio_Spurs	1
274677241802280960	San_Antonio_Spurs	1
281114425035980800	San_Antonio_Spurs	1
274688027266260994	San_Antonio_Spurs	1
282277876563312641	San_Antonio_Spurs	1
280856078974078976	San_Antonio_Spurs	1
280390361589886976	San_Antonio_Spurs	1
284838342296752128	San_Antonio_Spurs	1
275090506856419328	San_Antonio_Spurs	1
285454283946745857	San_Antonio_Spurs	1
277993910972858368	San_Antonio_Spurs	1
276072058394378240	San_Antonio_Spurs	0
285729025899520000	San_Antonio_Spurs	0
285640125159964672	San_Antonio_Spurs	1
279409680516792323	San_Antonio_Spurs	1
277071378178510849	San_Antonio_Spurs	0
280772620683706369	San_Antonio_Spurs	1
277248581759537152	San_Antonio_Spurs	1
274695815639998464	San_Antonio_Spurs	1
277428309510479872	San_Antonio_Spurs	1
285789453988032512	San_Antonio_Spurs	0
278311461779030016	San_Antonio_Spurs	1
278340393463074816	San_Antonio_Spurs	1
281689511262552064	San_Antonio_Spurs	0
282139405249036288	Washington_(state)	0
281374194908942336	Washington_(state)	0
282980202332708864	Washington_(state)	0
277143499852353536	Washington_(state)	1
284727996462555137	Washington_(state)	0
277987266511642624	Washington_(state)	0
281078580929249280	Washington_(state)	0
279216212536340480	Washington_(state)	0
278890421998993409	Washington_(state)	0
277840063138762752	Washington_(state)	0
285769548098068481	Washington_(state)	0
275461425240092673	Washington_(state)	0
280785795562995712	Washington_(state)	0
281791112325259265	Washington_(state)	0
278639193251512320	Washington_(state)	0
278438155730948096	Washington_(state)	0
275831137694269440	Washington_(state)	0
279937898411876352	Washington_(state)	0
282608761879818240	Washington_(state)	0
275728744663117824	Washington_(state)	0
277112867831050240	Washington_(state)	1
277804104338788352	Washington_(state)	0
282296647130697728	Washington_(state)	0
285122640467861505	Washington_(state)	0
276697722252304384	Washington_(state)	0
285858920839397378	Washington_(state)	0
285553712926179328	Washington_(state)	0
278107975011422208	Washington_(state)	0
281148434394779649	Washington_(state)	0
278480029791449088	Washington_(state)	0
277880505163194368	Washington_(state)	0
282586692953706496	Washington_(state)	0
279597134083420160	Washington_(state)	0
285549874437570562	Washington_(state)	0
274672540658589696	Washington_(state)	0
276396907360821248	Washington_(state)	0
280719658741559296	Washington_(state)	0
276763202937823233	Washington_(state)	1
276361611940347904	Washington_(state)	0
276482157826949122	Washington_(state)	0
283774029247152128	Washington_(state)	0
280664014265135105	Washington_(state)	0
283987901543493633	Washington_(state)	0
276460950519963648	Washington_(state)	1
281841489368207361	Washington_(state)	0
282974848744038401	Washington_(state)	0
285554207795343360	Washington_(state)	0
278207244208836609	Washington_(state)	0
276574366593064960	Washington_(state)	0
283945544160796672	Washington_(state)	0
283272362059763713	Washington_(state)	0
285872824986525697	Washington_(state)	0
284462446498967555	Washington_(state)	0
280744302924156928	Washington_(state)	0
277190715157667842	Washington_(state)	0
278545693541548033	Washington_(state)	0
284894279254556672	Washington_(state)	0
278998762997825537	Washington_(state)	0
278945935185293312	Washington_(state)	0
283231925584416770	Washington_(state)	0
280058596283277313	Washington_(state)	0
285762309694042112	Washington_(state)	0
284897039337259008	Washington_(state)	0
284026731394891776	Washington_(state)	0
276048106234212352	Washington_(state)	0
278806724872392704	Washington_(state)	0
280036543366852608	Washington_(state)	0
279693682897195009	Washington_(state)	0
276820992712646657	Washington_(state)	0
284771815010746370	Washington_(state)	0
277051104984965120	Washington_(state)	0
281445617522319360	Washington_(state)	0
275731246137618432	Washington_(state)	0
281823467748331520	Washington_(state)	0
281054144788328448	Washington_(state)	0
284895547431731200	Washington_(state)	0
280035980130541568	Washington_(state)	0
276853531141623808	Washington_(state)	1
276234488097415169	Washington_(state)	1
284749376579072000	Washington_(state)	1
285550274993598465	Washington_(state)	0
281245033028538368	Washington_(state)	0
282194976102825984	Washington_(state)	0
283743206531821569	Washington_(state)	0
282633940433526785	Washington_(state)	0
276360995285372928	Washington_(state)	0
281038128398090240	Washington_(state)	0
285114162940637184	Washington_(state)	0
277805203363868673	Washington_(state)	1
277147607447523329	Washington_(state)	1
279629670092247041	Washington_(state)	0
277836337938329600	Washington_(state)	0
275950080282984448	Washington_(state)	0
280013675992080385	Washington_(state)	0
277969304333455361	Washington_(state)	0
277088847047827456	Washington_(state)	0
276802596914741248	Washington_(state)	0
284379154839912449	Washington_(state)	0
285589332620881920	Washington_(state)	0
280661312055418883	Washington_(state)	1
282160251485175809	Winter_solstice	1
279284605436182528	Winter_solstice	1
282174980068868096	Winter_solstice	1
281789432607154177	Winter_solstice	1
282118973494013953	Winter_solstice	1
282163646535196672	Winter_solstice	1
282165070597849088	Winter_solstice	1
282157332358639616	Winter_solstice	1
283739286862454784	Winter_solstice	0
276076641569087488	Winter_solstice	0
282176651452887040	Winter_solstice	1
282257196719423490	Winter_solstice	1
282293727748308992	Winter_solstice	1
282215087975067648	Winter_solstice	1
282171381272162307	Winter_solstice	1
280715253774417920	Winter_solstice	1
285509383444631553	Winter_solstice	0
282170081268609027	Winter_solstice	1
282153671398137856	Winter_solstice	1
282080978502049792	Winter_solstice	1
282221636118274048	Winter_solstice	1
282158560601837569	Winter_solstice	1
282204491971960833	Winter_solstice	1
281847769625403392	Winter_solstice	1
282117610223587330	Winter_solstice	1
282184994925969408	Winter_solstice	1
281128008117547008	Winter_solstice	0
282143619471769600	Winter_solstice	1
282228288670289920	Winter_solstice	1
282118546178310144	Winter_solstice	1
281926904355905536	Winter_solstice	1
281821873132683264	Winter_solstice	1
282114284417335296	Winter_solstice	1
281848992101457921	Winter_solstice	1
282295975962374144	Winter_solstice	1
284228407083036672	Winter_solstice	1
284720764614221824	Winter_solstice	1
284173990610747394	Winter_solstice	0
281997493959544833	Winter_solstice	1
282932326336434176	Winter_solstice	1
282259551854657537	Winter_solstice	1
282250421265920000	Winter_solstice	1
282124365112438784	Winter_solstice	1
282161982772224002	Winter_solstice	1
281963663957569536	Winter_solstice	1
282182054731452417	Winter_solstice	1
282161102740127744	Winter_solstice	1
282125917789249538	Winter_solstice	1
279398455170969601	Winter_solstice	0
281789578749304833	Winter_solstice	1
282298846506278912	Winter_solstice	1
282121386137362432	Winter_solstice	1
282300677563240448	Winter_solstice	1
279314840298876928	Winter_solstice	1
282296923279482880	Winter_solstice	1
282101169084567552	Winter_solstice	1
283863880306917376	Winter_solstice	0
282132244687101953	Winter_solstice	1
282152279602253824	Winter_solstice	1
282343200121815040	Winter_solstice	1
276158450650726400	Winter_solstice	1
282006878446288896	Winter_solstice	1
282221598692487171	Winter_solstice	1
281822122089775104	Winter_solstice	1
282277931580022784	Winter_solstice	1
281124395982913537	Winter_solstice	1
282124784790302720	Winter_solstice	1
282185165084692482	Winter_solstice	1
281144530575704064	Winter_solstice	1
281933345322041344	Winter_solstice	1
282282653821071360	Winter_solstice	1
281872645329403905	Winter_solstice	1
282152822341001217	Winter_solstice	1
281951796564459522	Winter_solstice	1
282281491545874432	Winter_solstice	1
282179984032935936	Winter_solstice	1
281067246011437056	Winter_solstice	0
282180973280514048	Winter_solstice	1
283467127921446912	Winter_solstice	1
282115895625646080	Winter_solstice	1
282242032485933056	Winter_solstice	1
282092156561285120	Winter_solstice	1
282257607480193024	Winter_solstice	1
282106658715480064	Winter_solstice	1
282094889817231360	Winter_solstice	1
282104771417088001	Winter_solstice	1
282234155914375168	Winter_solstice	1
282313098533150720	Winter_solstice	1
281478183608520704	Winter_solstice	1
282087059454296064	Winter_solstice	1
282164239223881728	Winter_solstice	1
282216939953217537	Winter_solstice	1
281851474638696449	Winter_solstice	1
282288782475132929	Winter_solstice	1
283154704391884800	Winter_solstice	1
281823879549296640	Winter_solstice	1
282140372350672897	Winter_solstice	1
282804497259040768	Winter_solstice	1
276849305942376448	Winter_solstice	0
277125807342776320	Winter_solstice	1
