274682958726705153	26	40	We_the_Best_Music_Group	/m/065xz0v	wethebestmusic	1	1
274682958726705153	48	53	Young_Money_Entertainment	/m/0g1j2g	ymcmb	1	1
274764141527461888	23	32	Wikimedia_Foundation	/m/01c7j1	Wikimedia	1	1
274912954347032577	43	57	The_New_York_Times	/m/07k2d	New York Times	1	1
274956253346811905	1	8	Minnesota_Vikings	/m/051q5	Vikings	1	1
274956253346811905	18	30	Percy_Harvin	/m/0cvgp4	Percy Harvin	1	1
274956253346811905	55	62	Green_Bay_Packers	/m/03b3j	Packers	1	1
274956253346811905	104	107	National_Football_League	/m/059yj	NFL	1	1
274983074859712512	0	10	Mike_Tyson	/m/09qvs	Mike Tyson	1	1
274983074859712512	15	26	DJ_Whoo_Kid	/m/01q0hth	DJ Whoo Kid	1	1
274983074859712512	30	38	Shade_45	/m/0b0f1g	Shade 45	1	1
275168773877690368	31	41	Macklemore	/m/0crcmvm	macklemore	1	1
275168773877690368	95	110	Iowa_City%2c_Iowa	/m/0t015	Iowa City, Iowa	1	1
275267822144339968	77	81	Nike%2c_Inc.	/m/0lwkh	Nike	1	1
275267822144339968	98	105	Android_(operating_system)	/m/02wxtgw	Android	1	1
275267822144339968	109	117	Facebook	/m/02y1vz	Facebook	1	1
275309480919564290	32	68	O%27Hare_International_Airport	/m/01ky66	Chicago O'Hare International Airport	1	1
275327644315312129	0	10	Colin_Kaepernick	/m/03cm6b3	Kaepernick	1	1
275327644315312129	27	31	St._Louis_Rams	/m/06x76	Rams	1	1
275327644315312129	130	134	St._Louis_Rams	/m/06x76	Rams	1	1
275332975296651264	3	12	Brad_Pitt	/m/0c6qh	Brad Pitt	1	1
275332975296651264	44	63	Killing_Them_Softly	/m/0gg5kmg	Killing Them Softly	1	1
275352155441999872	100	110	Wall_Street	/m/09937	WallStreet	1	1
275352471696707584	10	18	St._Louis	/m/06wxw	St Louis	1	1
275352471696707584	20	24	St._Louis_Rams	/m/06x76	Rams	1	1
275352471696707584	46	48	Greg_Zuerlein_(American_football)	/m/0jkx5wh	GZ	1	1
275352471696707584	66	74	Jim_Harbaugh	/m/04rmtv	Harbaugh	1	1
275352471696707584	99	109	Colin_Kaepernick	/m/03cm6b3	Kaepernick	1	1
275359865122209792	9	19	Hillary_Rodham_Clinton	/m/0d06m5	SecClinton	1	1
275359865122209792	37	72	Saban_Center_for_Middle_East_Policy	/m/043kxgk	Saban Center for Middle East Policy	1	1
275393528278945793	40	45	Tampa%2c_Florida	/m/0n1rj	Tampa	1	1
275412946253926400	16	27	Al_Michaels	/m/024110	Al Michaels	1	1
275587235112431617	42	50	Chrysler	/m/01_bp	Chrysler	1	1
275680061615636480	17	29	Food_Network	/m/02x0gx	Food Network	1	1
275830563938635776	6	9	Major_League_Baseball	/m/09p14	MLB	1	1
275830563938635776	11	25	Alex_Rodriguez	/m/01f492	Alex Rodriguez	1	1
275892243624259584	17	22	Greece	/m/035qy	Greek	1	1
275892243624259584	45	64	AEL_1964_FC	/m/06ybz_	Larissa Soccer Club	1	1
275942746005573632	27	38	Book_of_Deuteronomy	/m/02ct8	Deuteronomy	1	1
275942746005573632	68	71	God	/m/0d05l6	God	1	1
275989552882147328	19	26	Peter_Carl_Faberg%c3%a9	/m/0134lc	Fabergé	1	1
275989552882147328	59	63	Ford_Motor_Company	/m/02zs4	Ford	1	1
275991869907947520	18	27	Amsterdam	/m/0k3p	Amsterdam	1	1
276029060629532672	64	69	Pepsi	/m/064d7	Pepsi	1	1
276031141797064704	12	24	The_Muppets	/m/05335	the #muppets	1	1
276031141797064704	25	33	Band-Aid	/m/0j496	Band-Aid	1	1
276031141797064704	39	42	Johnson_%26_Johnson	/m/0168nq	JNJ	1	1
276107513294909440	3	9	Taylor_Swift	/m/0dl567	Taylor	1	1
276377981545480192	0	5	Japan	/m/03_3d	Japan	1	1
276379451212845056	36	49	San_Francisco	/m/0d6lp	San Francisco	1	1
276386601993650176	27	37	Jack_Kirby	/m/046_v	Jack Kirby	1	1
276404461537222656	0	8	Seattle_Mariners	/m/06wpc	Mariners	1	1
276404461537222656	10	17	Cleveland_Indians	/m/01yhm	Indians	1	1
276404461537222656	22	29	Boston_Red_Sox	/m/01d5z	Red Sox	1	1
276404461537222656	51	63	Nick_Swisher	/m/06pt7g	Nick Swisher	1	1
276423707931578368	16	30	United_States_Postal_Service	/m/0dcms	Postal Service	1	1
276423707931578368	113	118	Santa_Claus	/m/027g6wt	Santa	1	1
276425635751137280	56	60	Bob_Arum	/m/0lp32	Arum	1	1
276431757828567040	0	8	Walmart	/m/0841v	Wal-Mart	1	1
276431757828567040	22	32	Bangladesh	/m/0162b	Bangladesh	1	1
276485752664231939	0	9	Instagram	/m/0glpjll	Instagram	1	1
276485752664231939	26	33	Twitter	/m/0289n8t	Twitter	1	1
276485752664231939	80	88	Mashable	/m/03bzfx8	mashable	1	1
276544241126211584	72	81	New_Year%27s_Day	/m/015h7g	New Years	1	1
276725607080017920	29	35	Jim_DeMint	/m/02v30g	DeMint	1	1
276725607080017920	56	75	The_Heritage_Foundation	/m/01tw7q	Heritage Foundation	1	1
276759812514119680	42	49	O%27Neill_(brand)	/m/0dbdl2	O'Neill	1	1
276815406965088256	30	38	Los_Angeles_Clippers	/m/0jmjr	Clippers	1	1
276815406965088256	56	60	Cleveland_Cavaliers	/m/0jm7n	Cavs	1	1
276816859125387264	93	98	Cosmopolitan_(magazine)	/m/01268b	Cosmo	1	1
276847315518619648	0	10	Howie_Long	/m/04jg88	Howie Long	1	1
276847315518619648	27	39	Deion_Sanders	/m/03n69x	DeionSanders	1	1
276896986614075392	44	58	Ithaca_College	/m/03zj9	Ithaca College	1	1
276913347537014784	38	41	Los_Angeles	/m/030qb3t	L A	1	1
276921534826823680	22	27	Apple_Inc.	/m/0k8z	Apple	1	1
276921534826823680	67	70	HTC	/m/069b85	HTC	1	1
276992205305028608	0	3	Republican_Party_(United_States)	/m/07wbk	GOP	1	1
277077432492769280	41	54	Federal_government_of_the_United_States	/m/01bqks	us government	1	1
277078119326826496	57	60	CNN	/m/0gsgr	cnn	1	1
277093093445103616	28	33	Japan	/m/03_3d	Japan	1	1
277105973108293632	22	24	Al_Franken	/m/01lct6	Al	1	1
277115305648611328	31	36	Fabio_Viviani_(chef)	/m/0b740my	Fabio	1	1
277152512212103169	0	4	Brooklyn_Nets	/m/0jm3b	Nets	1	1
277152512212103169	29	37	Golden_State_Warriors	/m/0jmj7	Warriors	1	1
277204765996371970	94	108	John_Carpenter	/m/0dr5y	john carpenter	1	1
277262493611618304	11	16	Alec_Burks	/m/0dgrj76	Burks	1	1
277262493611618304	18	22	Utah_Jazz	/m/0jmhr	Jazz	1	1
277280235546898433	0	15	Bank_of_America	/m/01yx7f	bank of america	1	1
277494064960651264	99	110	Tyler_Perry	/m/05wm88	Tyler Perry	1	1
277503147436539904	0	9	Tim_Tebow	/m/0g7km1	Tim Tebow	1	1
277503147436539904	20	24	TiVo%2c_Inc.	/m/04mzg2t	Tivo	1	1
277503147436539904	53	56	Verizon_Communications	/m/07_dn	$VZ	1	1
277503147436539904	57	59	AT%26T	/m/08z129	$T	1	1
277503147436539904	60	65	Dish_Network	/m/0kc4f	$DISH	1	1
277503147436539904	66	71	Cisco_Systems	/m/0dmtp	$CSCO	1	1
277537284281225216	0	4	UCLA_Bruins_men%27s_basketball	/m/02pqcfz	UCLA	1	1
277537284281225216	70	74	San_Diego_State_Aztecs_men%27s_basketball	/m/05cf66d	SDSU	1	1
277537284281225216	80	87	Ben_Howland	/m/05m3j5	Howland	1	1
277918192419102722	7	22	Bank_of_America	/m/01yx7f	Bank of America	1	1
277918192419102722	78	82	Bank_of_America	/m/01yx7f	$BAC	1	1
277918192419102722	83	85	Citigroup	/m/01dfb6	$C	1	1
277939001309163520	19	22	New_York_Giants	/m/05gg4	NYG	1	1
277970652059795456	67	79	ReverbNation	/m/047m2fd	ReverbNation	1	1
278123941850124288	19	23	WFLA-TV	/m/04tpr7	WFLA	1	1
278189386401710080	30	35	Kevin_Sumlin	/m/03cx1rj	Kevin	1	1
278338794275610624	5	18	Houston_Texans	/m/03lsq	houstontexans	1	1
278338794275610624	42	48	Matt_Schaub	/m/05txyj	Schaub	1	1
278485299766636544	49	57	Deloitte	/m/02spfd	Deloitte	1	1
278485299766636544	60	66	Diageo	/m/022cdf	Diageo	1	1
278526145358622720	107	115	Herschel_Walker	/m/02z4pb	Herschel	1	1
278532613453516801	3	16	Michael_Bloomberg	/m/09pfj	MikeBloomberg	1	1
278532613453516801	17	28	New_York_City	/m/02_286	New Yorkers	1	1
278546248317931520	77	81	KROQ-FM	/m/017drb	KROQ	1	1
278948000888418304	41	44	Big_Ten_Conference	/m/0kgf3	B1G	1	1
278985000936935425	8	21	Nathan_Fillion	/m/02s_qz	NathanFillion	1	1
278985000936935425	29	35	Castle_(TV_series)	/m/0522ftz	Castle	1	1
278985000936935425	39	46	Firefly_(TV_series)	/m/014v3t	Firefly	1	1
278985000936935425	51	55	Attack_of_the_Show!	/m/05h126	AOTS	1	1
279020337306431490	33	43	Kanye_West	/m/02l840	Kanye West	1	1
279020337306431490	45	56	Alicia_Keys	/m/0g824	Alicia Keys	1	1
279053500372115456	65	68	WWE	/m/0gy1_	WWE	1	1
279063139524427777	0	22	Jonathan_Taylor_Thomas	/m/02n8yh	Jonathan Taylor Thomas	1	1
279063139524427777	44	53	Christmas	/m/01vq3	Christmas	1	1
279068856822157313	94	102	New_York_City	/m/02_286	New York	1	1
279096234160041985	58	95	National_Lampoon%27s_Christmas_Vacation	/m/048f00	National Lampoon's Christmas Vacation	1	1
279163869295935488	27	36	Instagram	/m/0glpjll	Instagram	1	1
279163869295935488	47	54	Twitter	/m/0289n8t	Twitter	1	1
279314884829782018	14	23	Christmas	/m/01vq3	Christmas	1	1
279339429720637440	0	12	Puerto_Rico	/m/05r7t	Puerto Rican	1	1
279339429720637440	100	103	U.S._Immigration_and_Customs_Enforcement	/m/01fp_h	ICE	1	1
279463248301027328	44	58	Scotty_McCreery	/m/0cc99yf	scottymccreery	1	1
279463248301027328	72	88	Christmas_in_Washington	/m/07cgfkb	xmasinwashington	1	1
279471531288047616	26	41	Jamaica%2c_Queens	/m/01sn04	Jamacia, Queens	1	1
279630066030374915	25	31	London	/m/04jpl	London	1	1
279630066030374915	34	39	Paris	/m/05qtj	Paris	1	1
279630066030374915	48	57	Instagram	/m/0glpjll	Instagram	1	1
279630066030374915	100	106	London	/m/04jpl	london	1	1
279674678719692800	1	12	Billy_Corben	/m/0g4fc9v	BillyCorben	1	1
279674678719692800	34	42	Facebook	/m/02y1vz	facebook	1	1
279686705747996672	5	15	Sandy_Hook%2c_Connecticut	/m/02pky65	Sandy Hook	1	1
279709854564757504	103	109	NetApp	/m/03hm8t	NetApp	1	1
279709854564757504	113	118	Cisco_Systems	/m/0dmtp	Cisco	1	1
279760228159983617	56	60	Mark_Driscoll_(pastor)	/m/08dwym	Mark	1	1
279782545611177984	9	21	Los_Angeles_Clippers	/m/0jmjr	the Clippers	1	1
279933881057173505	14	17	National_Basketball_Association	/m/05jvx	NBA	1	1
279933881057173505	28	41	Dwight_Howard	/m/02fg_f	Dwight Howard	1	1
280045472608043008	24	28	Enid%2c_Oklahoma	/m/0z5vp	Enid	1	1
280045472608043008	55	67	The_Oak_Ridge_Boys	/m/01mkckf	oakridgeboys	1	1
280045472608043008	77	86	Christmas	/m/01vq3	Christmas	1	1
280131167888482304	31	40	Wikipedia	/m/0d07ph	WikiPedia	1	1
280134025023213569	49	56	Germany	/m/0345h	Germany	1	1
280272886839787520	56	60	Fiji	/m/02wt0	Fiji	1	1
280360760654327808	25	36	BBC_Radio_6_Music	/m/01ny77	BBC 6 Music	1	1
280360760654327808	59	65	United_Kingdom	/m/07ssc	the UK	1	1
280377596410204161	62	68	College_of_the_Ozarks	/m/03vbd2	Ozarks	1	1
280418522302148608	0	6	Zillow	/m/0bdn1t	Zillow	1	1
280418522302148608	39	46	Seattle	/m/0d9jr	Seattle	1	1
280418522302148608	48	61	Orange_County%2c_California	/m/0cb4j	Orange County	1	1
280418522302148608	64	77	San_Francisco	/m/0d6lp	San Francisco	1	1
280454765006163969	1	8	Twitter	/m/0289n8t	Twitter	1	1
280474980314140672	0	6	Big_Boi	/m/01vvfwl	bigboi	1	1
280474980314140672	67	74	Detroit	/m/02dtg	Detroit	1	1
280487287098322945	24	30	WWE_TLC%3a_Tables%2c_Ladders_%26_Chairs	/m/080gl8f	WWETLC	1	1
280487287098322945	32	39	Ron_Killings	/m/0559h3	R-Truth	1	1
280487287098322945	42	53	Ron_Killings	/m/0559h3	RonKillings	1	1
280561035830767618	10	19	WorldStarHipHop	/m/0glqgkg	worldstar	1	1
280722288083599360	39	44	Las_Vegas	/m/0cv3w	Vegas	1	1
280722615868477440	9	22	Live!_with_Kelly_and_Michael	/m/0164bt	Kelly&Michael	1	1
280791352550244353	2	13	Kickstarter	/m/0bwhy_7	Kickstarter	1	1
281041486412394497	69	71	South_Carolina	/m/06yxd	Sc	1	1
281044377873289216	0	9	J._C._Penney	/m/026h1w	JC Penney	1	1
281044377873289216	78	8	J._C._Penney	/m/026h1w	jcpenney	1	1
281056403492311041	47	76	Washington_National_Cathedral	/m/01d_5p	Washington National Cathedral	1	1
281073858541395968	9	16	Texas_Rangers_(baseball)	/m/07l8x	Rangers	1	1
281107429947752448	30	33	National_Football_League	/m/059yj	NFL	1	1
281142616102412289	53	63	Aurora%2c_Colorado	/m/0r8hc	Aurora, CO	1	1
281148432222146560	34	48	Calgary_Flames	/m/0jnm_	Calgary Flames	1	1
281173550633713664	49	55	Denver_International_Airport	/m/01n2vy	denver	1	1
281174969298350080	59	68	Christmas	/m/01vq3	Christmas	1	1
281198636040347648	73	82	Christmas	/m/01vq3	Christmas	1	1
281221134169559041	49	59	Tig_Notaro	/m/082t2_	Tig Notaro	1	1
281278517164007424	15	19	TyDi	/m/05fb3td	tyDi	1	1
281278517164007424	26	28	Los_Angeles	/m/030qb3t	LA	1	1
281336075824291840	38	45	YouTube	/m/09jcvs	Youtube	1	1
281336075824291840	62	67	Call_of_Duty%3a_Elite	/m/0gvs_5f	Elite	1	1
281437242680045568	0	12	Barack_Obama	/m/02mjmr	Barack Obama	1	1
281437242680045568	24	10	Spider-Man	/m/06ys2	SPIDER-MAN	1	1
281437242680045568	42	57	White_House	/m/081sq	the White House	1	1
281488204413157376	58	65	Madison%2c_Wisconsin	/m/0fw2y	Madison	1	1
281512792316575744	4	7	National_Football_Conference	/m/01ddqt	NFC	1	1
281535287539146752	5	16	Scott_Brown	/m/0bmg6w	Scott Brown	1	1
281567478230953984	33	41	You_Am_I	/m/033qr_	you am I	1	1
281584300548296705	0	11	Miss_Brasil	/m/06ystb	Miss Brazil	1	1
281584300548296705	14	30	Binibining_Pilipinas	/m/05zymh	Miss Philippines	1	1
281594479201370112	28	41	Miss_Universe	/m/013c6x	Miss Universe	1	1
281594479201370112	111	119	Miss_USA	/m/03lp2g	Miss USA	1	1
281735897446248448	37	44	Alabama	/m/0gyh	Alabama	1	1
281773316480593920	19	24	United_States_Anti-Doping_Agency	/m/03d2jr	USADA	1	1
281786060248330240	12	21	Christmas	/m/01vq3	Christmas	1	1
281795586875850752	19	27	Coldplay	/m/0kr_t	Coldplay	1	1
281795586875850752	31	35	Jay-Z	/m/01vw20h	JayZ	1	1
281795586875850752	56	70	Barclays_Center	/m/05l9fg	BarclaysCenter	1	1
281795586875850752	84	94	Live_Nation_Entertainment	/m/064kxs7	LiveNation	1	1
281840612158877696	56	58	San_Francisco	/m/0d6lp	SF	1	1
281859787774390272	0	5	Al_Lewis_(columnist)	/m/03nq9rk	Lewis	1	1
281870879313506304	14	18	IPad	/m/09rvlp4	iPad	1	1
281870879313506304	34	36	San_Francisco	/m/0d6lp	SF	1	1
281928374019047424	29	44	John_Boehner	/m/039rwf	Speaker Boehner	1	1
281978577870811136	0	4	Iowa	/m/03s0w	Iowa	1	1
282095161570381826	3	5	White_House	/m/081sq	WH	1	1
282095161570381826	6	31	William_M._Daley	/m/030xjt	chief of staff Bill Daley	1	1
282095161570381826	74	76	Illinois	/m/03v0t	IL	1	1
282129133914443776	23	30	Eric_Whitacre	/m/03f1ls	witacre	1	1
282136167099535362	0	11	White_House	/m/081sq	White House	1	1
282178635455148033	0	5	Chuck_Hagel	/m/01_pcr	Hagel	1	1
282215282955673600	105	112	Twitter	/m/0289n8t	twitter	1	1
282364504350797825	49	52	United_Parcel_Service	/m/01d734	UPS	1	1
282650492625121281	1	8	Toronto_Raptors	/m/0jmcb	Raptors	1	1
282650492625121281	30	41	Jonas_Valan%c4%8di%c5%abnas	/m/0cp0gv3	Valanciunas	1	1
282650492625121281	42	50	Andrea_Bargnani	/m/09dyw3	Bargnani	1	1
282650492625121281	67	74	DeMarcus_Cousins	/m/02wwqcw	Cousins	1	1
282650492625121281	75	86	Jonas_Valan%c4%8di%c5%abnas	/m/0cp0gv3	Valanciunas	1	1
282650492625121281	88	95	DeMarcus_Cousins	/m/02wwqcw	Cousins	1	1
282650492625121281	110	118	Andrea_Bargnani	/m/09dyw3	Bargnani	1	1
282674388627759104	79	92	Helen_Keller	/m/03ppx	Hellen Keller	1	1
282930673176674304	0	5	Arizona_Cardinals	/m/0ws7	Cards	1	1
282930673176674304	43	48	Arizona_Cardinals	/m/0ws7	Cards	1	1
282930673176674304	80	85	Chicago_Bears	/m/01y3v	bears	1	1
282939266215063552	17	31	Charleston%2c_South_Carolina	/m/0gkgp	Charleston, SC	1	1
282997366292885505	18	23	Cuba	/m/0d04z6	Cuban	1	1
283101569740836865	124	128	Glee_(TV_series)	/m/05f4vxd	Glee	1	1
283168940241342464	0	10	ASAP_Rocky	/m/0hhqp47	ASAP ROcky	1	1
283288503104716800	0	6	Baltimore_Ravens	/m/01ct6	Ravens	1	1
283288503104716800	26	32	New_York_Giants	/m/05gg4	Giants	1	1
283314030838439936	54	68	Tevin_Campbell	/m/05df16	Tevin Campbell	1	1
283342473491791872	81	88	Twitter	/m/0289n8t	Twitter	1	1
283382091436134400	44	54	Smallville	/m/03g9xj	Smallville	1	1
283382091436134400	55	64	Christmas	/m/01vq3	Christmas	1	1
283409144080392192	22	31	Christmas	/m/01vq3	Christmas	1	1
283409144080392192	123	128	Santa_Claus	/m/027g6wt	Santa	1	1
283459351069487104	7	11	Christmas	/m/01vq3	Xmas	1	1
283580222912225282	28	42	Chelsea_Handler	/m/0928l6	chelseahandler	1	1
283580222912225282	104	108	Christmas	/m/01vq3	Xmas	1	1
283630717055930369	30	40	HTC_One_X	/m/0j36tnd	HTC One X+	1	1
283630717055930369	77	82	Sonos	/m/0d3n4l	Sonos	1	1
283665934818873345	37	41	Steve_Nash	/m/01yqrk	NASH	1	1
283673898531295232	48	52	Kobe_Bryant	/m/01kmd4	Kobe	1	1
283702027668828160	50	59	Christmas	/m/01vq3	Christmas	1	1
283702036321673216	0	6	Raymond_Felton	/m/05f962	Felton	1	1
283731819906600960	20	32	Buenos_Aires	/m/01ly5m	buenos aires	1	1
284034838770622464	0	7	YouTube	/m/09jcvs	YouTube	1	1
284034838770622464	24	27	National_Football_League	/m/059yj	NFL	1	1
284131609073045504	8	11	Los_Angeles_Lakers	/m/0jmk7	LAL	1	1
284131609073045504	28	34	Kenneth_Faried	/m/0dlm1_x	Faried	1	1
284131609073045504	82	87	Pau_Gasol	/m/014gsd	Gasol	1	1
284173071596781568	6	12	Taiwan	/m/06f32	Taiwan	1	1
284173071596781568	33	38	China	/m/0d05w3	China	1	1
284346791472812032	0	3	Republican_Party_(United_States)	/m/07wbk	GOP	1	1
284407028162637824	0	3	PNC_Financial_Services	/m/04nfwb	PNC	1	1
284408345664815104	1	5	San_Jose_State_University	/m/021996	SJSU	1	1
284408345664815104	62	74	Military_Bowl	/m/043r1dv	MilitaryBowl	1	1
284549088391864320	29	42	Jason_Kennedy_(TV_personality)	/m/02q8vdg	JasonKennedy1	1	1
284549088391864320	66	71	Jason_Kennedy_(TV_personality)	/m/02q8vdg	Jason	1	1
284549088391864320	99	109	New_Jersey	/m/05fjf	New Jersey	1	1
284645003186294786	27	39	New_England_Patriots	/m/05g3b	the Patriots	1	1
284645003186294786	45	56	Cincinnati_Bengals	/m/01y49	the Bengals	1	1
284645003186294786	60	65	Indianapolis_Colts	/m/03wnh	Colts	1	1
284645003186294786	79	96	National_Football_League_playoffs	/m/054qg3	Wild Card Weekend	1	1
284783056764665857	31	35	Washington%2c_D.C.	/m/0rh6k	D.C.	1	1
284783056764665857	38	53	Mayflower_Hotel	/m/044wk5	Mayflower Hotel	1	1
284790632151674881	22	28	Subaru	/m/01j_h3	Subaru	1	1
284877231103299584	0	7	Jamaal_Tinsley	/m/063cdq	Tinsley	1	1
284877231103299584	31	36	Los_Angeles_Clippers	/m/0jmjr	Clips	1	1
284950386786308096	0	10	Mel_Gibson	/m/0c1pj	Mel Gibson	1	1
285042515671937024	82	88	Wisconsin_Badgers	/m/01spfd	Badger	1	1
285049719737155586	37	45	Colorado	/m/01n4w	colorado	1	1
285050245166010368	86	89	Oregon_State_Beavers	/m/09ynzw	OSU	1	1
285052905126518784	47	54	Buffalo%2c_New_York	/m/019fh	Buffalo	1	1
285098799150551042	21	24	New_York_City	/m/02_286	NYC	1	1
285111940815126528	38	49	Kevin_Ollie	/m/059wb0	Kevin Ollie	1	1
285111940815126528	93	98	University_of_Connecticut	/m/01jsn5	UConn	1	1
285155688957755392	3	15	Phil_Jackson	/m/030w9m	Phil Jackson	1	1
285155688957755392	46	59	Brooklyn_Nets	/m/0jm3b	Brooklyn Nets	1	1
285155688957755392	71	80	Mikhail_Prokhorov	/m/04s5b8	Prokhorov	1	1
285191211164250112	0	10	Geno_Smith	/m/0ddd989	Geno Smith	1	1
285191211164250112	27	40	West_Virginia	/m/081mh	West Virginia	1	1
285221806342828032	28	33	Chris_Leben	/m/08sd89	Leben	1	1
285221806342828032	37	44	Derek_Brunson	/m/0gtvb0l	Brunson	1	1
285221806342828032	52	59	Derek_Brunson	/m/0gtvb0l	Brunson	1	1
285223637936656386	5	12	Memphis_Grizzlies	/m/0jmfv	Memphis	1	1
285223637936656386	24	33	Rudy_Gay	/m/09f1qy	RudyGay22	1	1
285223637936656386	36	49	Denver_Nuggets	/m/0jmdb	denvernuggets	1	1
285223637936656386	84	91	Memphis_Grizzlies	/m/0jmfv	Memphis	1	1
285457005869678595	31	34	Detroit_Lions	/m/02c_4	DET	1	1
285457005869678595	36	42	St._Louis_Gunners	/m/01js0h	Gunner	1	1
285503864751390720	118	126	Adrian_Peterson	/m/095xk6	Peterson	1	1
285800249660944385	0	5	Elvis_Presley	/m/02jq1	Elvis	1	1
285800249660944385	37	43	Kroger	/m/0204w9	Kroger	1	1
285830222283173888	17	21	United_States_Colored_Troops	/m/01rkcm	USCT	1	1
285854395445440512	55	68	Marlon_Wayans	/m/02_l96	Marlon Wayans	1	1
