91918149863227392	13	22	SpongeBob_SquarePants	/m/07vqnc	Spongebob	1	1
91918149863227392	59	67	Plankton_(SpongeBob_SquarePants)	/m/031kk7	Plankton	1	1
91918149863227392	84	89	Plankton_(SpongeBob_SquarePants)	/m/031kk7	Karen	1	1
99660443492171776	0	10	Corey_Hart_(baseball)	/m/0cy31n	COREY HART	1	1
99660443492171776	51	58	Milwaukee_Brewers	/m/051vz	Brewers	1	1
99660443492171776	71	78	Houston_Astros	/m/03m1n	Houston	1	1
103196131361697792	35	47	Philadelphia	/m/0dclg	Philadelphia	1	1
103196131361697792	69	72	World_of_Warcraft	/m/021dvx	WoW	1	1
103196131361697792	99	112	World_of_Warcraft	/m/021dvx	World of Warc	1	1
91912642431688704	18	27	Soulja_Boy	/m/02820z5	SouljaBoy	1	1
93038068117942272	24	30	IFixit	/m/076x566	iFixit	1	1
96185595470159873	13	26	Barry_Cofield	/m/0cx4bx	Barry Cofield	1	1
96185595470159873	47	55	Washington_Redskins	/m/084l5	Redskins	1	1
96185595470159873	68	74	New_York_Giants	/m/05gg4	Giants	1	1
96211977642315776	0	5	India	/m/03rk0	India	1	1
96211977642315776	10	18	Pakistan	/m/05sb1	Pakistan	1	1
96211977642315776	43	50	Kashmir	/m/04f30	Kashmir	1	1
96211977642315776	53	67	The_New_York_Times	/m/07k2d	New York Times	1	1
101708486022397952	0	19	Metropolitan_Police_Service	/m/01bb7n	Metropolitan Police	1	1
102483783097389056	9	20	Joey_Barton	/m/0871v0	joey7barton	1	1
102483783097389056	91	100	Gervinho	/m/02z4vx9	Gerviniho	1	1
101152953116803072	0	16	Santiago_Casilla	/m/0h2w2g	Santiago Casilla	1	1
101152953116803072	50	58	San_Francisco_Giants	/m/0713r	SFGiants	1	1
101152953116803072	60	62	San_Francisco_Giants	/m/0713r	SF	1	1
101152953116803072	76	83	Pittsburgh_Pirates	/m/061xq	Pirates	1	1
102156455674789888	69	98	Silvio_Berlusconi	/m/06p83	Prime Minister SilvBerlusconi	1	1
96092892203978752	20	31	South_Korea	/m/06qd3	South Korea	1	1
93878998903431168	45	51	Canada	/m/0d060g	Canada	1	1
93878998903431168	74	84	California	/m/01n7q	California	1	1
93429476393893888	4	16	Roger_Ebert	/m/0dfps	ebertchicago	1	1
93429476393893888	45	53	Fox_News_Channel	/m/02z_b	Fox News	1	1
93429476393893888	75	84	Americans	/m/04q7gbh	Americans	1	1
102087976670076928	40	53	Joel_Campbell	/m/0bs92d0	Joel Campbell	1	1
102087976670076928	75	82	Arsenal_F.C.	/m/0xbm	Arsenal	1	1
96360636384157696	15	21	Cairns	/m/01sgmd	Cairns	1	1
96782542702780416	0	5	San_Francisco_49ers	/m/06rny	49ers	1	1
96782542702780416	15	34	Michael_Crabtree	/m/03ccsym	WR Michael Crabtree	1	1
101020302405931008	86	92	NASDAQ	/m/05dq_	Nasdaq	1	1
93011237734055936	83	92	The_Championships%2c_Wimbledon	/m/0mmmt	Wimbledon	1	1
96985217134366720	0	7	Willis_McGahee	/m/04lgz0	McGahee	1	1
96985217134366720	19	25	Denver_Broncos	/m/0289q	Denver	1	1
96985217134366720	74	80	Baltimore_Ravens	/m/01ct6	Ravens	1	1
96985217134366720	81	83	The_Football_Association	/m/0chl9	FA	1	1
96985217134366720	110	115	Washington_Redskins	/m/084l5	Skins	1	1
102860812347113472	47	70	China_Southern_Airlines	/m/021v2j	China Southern Airlines	1	1
92287584750936064	18	25	Severus_Snape	/m/0c2l5	Severus	1	1
96250830499479552	1	8	Bahrain	/m/0161c	BAHRAIN	1	1
94457834649034754	42	47	Ut%c3%b8ya	/m/04y7_jl	Utøya	1	1
101402127766798336	0	7	Arsenal_F.C.	/m/0xbm	Arsenal	1	1
101402127766798336	70	83	Cesc_F%c3%a0bregas	/m/03tb61	Cesc Fabregas	1	1
101402127766798336	87	96	FC_Barcelona	/m/0hvgt	Barcelona	1	1
94365640856580097	0	6	Oracle_Corporation	/m/05njw	Oracle	1	1
94365640856580097	18	24	Google	/m/045c7b	Google	1	1
94365640856580097	27	37	Larry_Page	/m/0gjpq	Larry Page	1	1
94365640856580097	39	45	Oracle_Corporation	/m/05njw	Oracle	1	1
94365640856580097	57	63	Google	/m/045c7b	Google	1	1
94365640856580097	68	78	Larry_Page	/m/0gjpq	Larry Page	1	1
91908013434216448	42	44	United_Kingdom	/m/07ssc	UK	1	1
91908013434216448	69	72	Los_Angeles	/m/030qb3t	L.A	1	1
91693727273328641	38	80	Harry_Potter_and_the_Deathly_Hallows_%e2%80%93_Part_2	/m/0gvsynb	HarryPotter and the Deathly Hallows part 2	1	1
94502159269363712	0	13	Winnipeg_Jets	/m/0gvt8sz	Winnipeg Jets	1	1
94502159269363712	44	64	Winnipeg_Jets	/m/0gvt8sz	www.winnipegjets.com	1	1
94502159269363712	77	84	Winnipeg_Jets	/m/0gvt8sz	NHLJets	1	1
98518238442434560	0	22	Barack_Obama	/m/02mjmr	President Barack Obama	1	1
103069454442823681	0	7	Glee%3a_The_3D_Concert_Movie	/m/0h1fktn	Glee 3D	1	1
93031684374667264	16	40	The_Times-Picayune	/m/07ndnq	Times-Picayune, NOLA.com	1	1
93031684374667264	60	71	New_Orleans	/m/0f2tj	New Orleans	1	1
92574480072839168	0	5	Seoul	/m/0hsqf	Seoul	1	1
92574480072839168	23	29	SK_Telecom	/m/02fz1t	SK Tel	1	1
92574480072839168	41	46	SK_Hynix	/m/083w62	Hynix	1	1
92975510937800704	74	85	Kurt_Geiger	/m/0j_65s2	Kurt Geiger	1	1
92975510937800704	121	128	Twitter	/m/0289n8t	Twitter	1	1
102125361248215040	0	8	Falmouth_Commodores	/m/027rfms	Falmouth	1	1
102125361248215040	13	20	Harwich_Mariners	/m/02vpl2y	Harwich	1	1
102125361248215040	40	47	Harwich%2c_Massachusetts	/m/03njl	Harwich	1	1
102125361248215040	75	99	Cape_Cod_Baseball_League	/m/04hvdj	CCBL championship series	1	1
92512598318256128	64	76	Murder_of_Milly_Dowler	/m/0fwr_7	Milly Dowler	1	1
95629074516549632	0	9	Texas_A%26M_University	/m/07ccs	Texas A&M	1	1
95629074516549632	93	110	Big_12_Conference	/m/0kggf	Big 12 Media Days	1	1
91747673706741760	4	15	Oprah_Winfrey	/m/0grwj	Oprah_World	1	1
91747673706741760	103	108	Oprah_Winfrey	/m/0grwj	Oprah	1	1
92380102771474432	60	68	Los_Angeles_Galaxy	/m/01k2yr	LAGalaxy	1	1
91957934195609600	66	77	Death_(personification)	/m/0ct1vm	Grim Reaper	1	1
101495953428717569	15	26	White_House	/m/081sq	White House	1	1
101495953428717569	61	71	Washington%2c_D.C.	/m/0rh6k	WASHINGTON	1	1
101495953428717569	76	87	White_House	/m/081sq	White House	1	1
94884467910512640	0	15	Linda_Christian	/m/074pgd	Linda Christian	1	1
94884467910512640	60	72	Tyrone_Power	/m/02s58t	Tyrone Power	1	1
94884467910512640	94	107	Casino_Royale_(novel)	/m/025sb5z	Casino Royale	1	1
94556024995975169	1	12	Chad_Michael_Murray	/m/0bmn4p	ChadMMurray	1	1
94556024995975169	14	20	Norway	/m/05b4w	Norway	1	1
94556024995975169	107	114	Norway	/m/05b4w	prayfor	1	1
94442234325381120	85	91	Norway	/m/05b4w	Norway	1	1
94442234325381120	114	118	Oslo	/m/05l64	oslo	1	1
100625708447043585	5	20	Barack_Obama	/m/02mjmr	President Obama	1	1
92956597957050369	0	5	Apple_Inc.	/m/0k8z	Apple	1	1
92956597957050369	27	33	IPhone	/m/027lnzs	iPhone	1	1
92956597957050369	60	69	IPhone_4S	/m/0h6jq73	iPhone 4S	1	1
92956597957050369	70	71	IPhone_5	/m/0gg4gh4	5	1	1
100152860288880640	22	31	Tottenham	/m/0ncf9	Tottenham	1	1
100712904470429696	0	12	BlackBerry	/m/0jgf9	Blackberries	1	1
92986112385097728	30	35	Derby	/m/025r_t	Derby	1	1
92986112385097728	69	80	Matt_Oakley	/m/0ccgxx	Matt Oakley	1	1
100977986563604480	64	71	Germany	/m/0345h	Germany	1	1
101650719580495872	3	15	Mark_Jermaine_Clayton	/m/05zkss	Mark Clayton	1	1
101650719580495872	35	39	St._Louis_Rams	/m/06x76	Rams	1	1
101650719580495872	99	106	Mark_Jermaine_Clayton	/m/05zkss	Clayton	1	1
96228351936692224	6	19	Benigno_Aquino_III	/m/01pmvy	Noynoy Aquino	1	1
92643124052107264	1	9	Lady_Gaga	/m/0478__m	ladygaga	1	1
92643124052107264	65	70	Japan	/m/03_3d	Japan	1	1
91673413587976192	7	10	God	/m/0d05l6	god	1	1
99195943936724992	4	17	ESPN_FC	/m/026hkc8	ESPNSoccernet	1	1
99195943936724992	19	29	Stoke_City_F.C.	/m/01cwm1	Stoke City	1	1
99195943936724992	47	60	UEFA_Europa_League	/m/01hrtp	Europa League	1	1
99195943936724992	111	123	HNK_Hajduk_Split	/m/031zp2	Hajduk Split	1	1
92469101716455425	0	4	NASA	/m/05f4p	NASA	1	1
92469101716455425	64	70	IPhone	/m/027lnzs	iPhone	1	1
92313714224668672	0	27	14th_Dalai_Lama	/m/01hw4n	His Holiness the Dalai Lama	1	1
92313714224668672	39	61	Barack_Obama	/m/02mjmr	President Barack Obama	1	1
92313714224668672	85	96	White_House	/m/081sq	White House	1	1
96628362977607681	72	78	Dallas	/m/0f2rq	Dallas	1	1
94823247807393792	0	13	Amy_Winehouse	/m/01pq5j7	Amy Winehouse	1	1
94823247807393792	50	59	Amy_Winehouse	/m/01pq5j7	Winehouse	1	1
91772743091105793	0	4	International_Security_Assistance_Force	/m/01bl19	ISAF	1	1
91772743091105793	42	46	NATO	/m/059dn	NATO	1	1
91772743091105793	62	73	Afghanistan	/m/0jdd	Afghanistan	1	1
93084582966079488	1	6	Film4	/m/02wdqf	Film4	1	1
100733236031913984	21	28	Seattle_Seahawks	/m/070xg	Seahawk	1	1
91977236378419200	37	45	Coventry	/m/0c5_3	Coventry	1	1
91977236378419200	49	59	Birmingham	/m/0k33p	Birmingham	1	1
91961905131950080	0	13	One_Direction	/m/0fqqnpw	One Direction	1	1
100571949746495488	1	6	Libya	/m/04gqr	Libya	1	1
100571949746495488	46	53	Muammar_Gaddafi	/m/0dxvs	gaddafi	1	1
93352717229109248	1	8	Rupert_Murdoch	/m/06hrk	Murdoch	1	1
93352717229109248	72	75	CNN	/m/0gsgr	CNN	1	1
93352717229109248	78	88	Dan_Rivers	/m/0b__17d	Dan Rivers	1	1
91946438266851329	0	10	Daily_Mail	/m/0180v2	DAILY MAIL	1	1
92945537803886592	10	20	John_Yates_(police_officer)	/m/0275qhx	John Yates	1	1
92945537803886592	91	95	News_of_the_World	/m/01hjf3	notw	1	1
98234895133970433	1	6	National_Association_for_the_Advancement_of_Colored_People	/m/05hpy	NAACP	1	1
92891661000130561	0	9	Petr_%c4%8cech	/m/03_y5l	Petr Cech	1	1
92891661000130561	107	110	Chelsea_F.C.	/m/023fb	CFC	1	1
92348579057909760	1	12	Adam_Lambert	/m/07sbny7	adamlambert	1	1
92348579057909760	38	52	Allison_Iraheta	/m/07s8332	AllisonIraheta	1	1
93294528840208384	21	30	Sean_Bean	/m/02gvwz	Sean Bean	1	1
93294528840208384	39	49	Snow_White	/m/0154l8	Snow White	1	1
102715817497604096	17	19	A3_road	/m/017j76	A3	1	1
102715817497604096	24	26	A3_road	/m/017j76	A3	1	1
102715817497604096	41	44	M25_motorway	/m/054fv	M25	1	1
98176727284592640	12	20	Gabrielle_Giffords	/m/0dvl98	Giffords	1	1
100381866602921985	0	9	Las_Vegas	/m/0cv3w	Las Vegas	1	1
100381866602921985	42	50	Facebook	/m/02y1vz	Facebook	1	1
92860837802414081	4	13	Chelsea_F.C.	/m/023fb	chelseafc	1	1
92860837802414081	30	43	Chelsea_F.C.	/m/023fb	Chelsea squad	1	1
92860837802414081	66	70	Asia	/m/0j0k	Asia	1	1
92860837802414081	94	97	Chelsea_F.C.	/m/023fb	CFC	1	1
91769916096643072	4	11	Owl_City	/m/04dzm2z	owlcity	1	1
91769916096643072	82	99	Harry_Potter_(film_series)	/m/02676m4	Harry Potter film	1	1
98052883123146752	40	47	Orlando%2c_Florida	/m/0ply0	Orlando	1	1
91683689796354048	126	140	Nelson_Mandela	/m/05g7q	Nelson Mandela	1	1
92124006274187264	17	32	16_and_Pregnant	/m/065zncc	16 and Pregnant	1	1
97240098038489089	20	25	Barack_Obama	/m/02mjmr	Obama	1	1
94709694458900480	80	85	Ut%c3%b8ya	/m/04y7_jl	Utoya	1	1
96879263122337792	0	13	David_Cameron	/m/0266lb	David Cameron	1	1
96879263122337792	18	32	George_Osborne	/m/026nlt	George Osborne	1	1
92291532354355200	21	33	Rupert_Grint	/m/014xzx	Rupert Grint	1	1
94537115605549056	0	7	John_Boehner	/m/039rwf	Boehner	1	1
94826703905488896	83	92	Yahoo!_News	/m/05bd08	YahooNews	1	1
92350554352783361	63	76	Dale_Carnegie	/m/01lp1z	Dale Carnegie	1	1
101414384043175937	77	84	London_Borough_of_Enfield	/m/0nccd	Enfield	1	1
96258902395584512	0	15	Manchester_City_F.C.	/m/01634x	Manchester City	1	1
96258902395584512	25	38	Sergio_Ag%c3%bcero	/m/099vgz	Sergio Aguero	1	1
96258902395584512	59	73	City_of_Manchester_Stadium	/m/02nycb	Etihad Stadium	1	1
101245306049544193	0	10	Gloucester	/m/0hc8h	Gloucester	1	1
93282854406078464	0	10	SuperSport_(TV_channel)	/m/0760wj	SuperSport	1	1
93282854406078464	39	48	Gor_Mahia_F.C.	/m/0cvsf3	Gor Mahia	1	1
93282854406078464	100	103	Gor_Mahia_F.C.	/m/0cvsf3	Gor	1	1
93282854406078464	107	110	A.F.C._Leopards	/m/0cvsnv	AFC	1	1
92494167556636672	20	26	Justin_Bieber	/m/06w2sn5	Justin	1	1
92494167556636672	90	96	Selena_Gomez	/m/0gs6vr	Selena	1	1
96405737714098176	23	33	Air_Canada	/m/012j50	Air Canada	1	1
96405737714098176	83	100	Sydney	/m/06y57	Sydney, Australia	1	1
98367967334645761	29	37	Selangor	/m/01jc9d	Selangor	1	1
95182527685337089	35	46	Royal_Thai_Police	/m/026kfhv	Thai police	1	1
95182527685337089	89	96	YouTube	/m/09jcvs	Youtube	1	1
93736461454688256	0	5	Barack_Obama	/m/02mjmr	Obama	1	1
93736461454688256	58	69	White_House	/m/081sq	White House	1	1
93535374181269504	0	13	Damien_Wright	/m/09fv19	Damien Wright	1	1
93535374181269504	20	31	New_Zealand	/m/0ctw_b	New Zealand	1	1
93535374181269504	76	89	Damien_Wright	/m/09fv19	Damien Wright	1	1
91952178360631296	0	6	Justin_Bieber	/m/06w2sn5	Justin	1	1
91888260300816385	8	14	Justin_Bieber	/m/06w2sn5	Justin	1	1
94759766982799360	32	39	Fenland	/m/029rnd	Fenland	1	1
94759766982799360	81	95	Cambridgeshire	/m/01w0v	Cambridgeshire	1	1
94138194685210624	57	63	Greece	/m/035qy	Greece	1	1
94138194685210624	66	69	The_New_York_Times	/m/07k2d	NYT	1	1
94137483159281664	0	9	Microsoft	/m/04sv4	Microsoft	1	1
94247453636829184	0	11	Angry_Birds	/m/0nb7ylv	Angry Birds	1	1
94247453636829184	34	39	Rovio_Entertainment	/m/0cc7ddv	Rovio	1	1
99893326660116481	28	42	Horn_of_Africa	/m/0gt8x	Horn of Africa	1	1
94303538561290240	46	49	The_Sun_(United_Kingdom)	/m/0b6hk5f	Sun	1	1
94303538561290240	107	114	Rupert_Murdoch	/m/06hrk	Murdoch	1	1
103087658267455488	1	6	Essex	/m/02ly_	essex	1	1
103087658267455488	31	39	Southend-on-Sea	/m/01d8wq	Southend	1	1
103087658267455488	52	77	Southend_Victoria_railway_station	/m/0csxkz	Victoria Avenue, Southend	1	1
98833944732106752	0	11	George_Eads	/m/038bp1	George Eads	1	1
98833944732106752	124	128	Marg_Helgenberger	/m/02rmfm	Marg	1	1
98833944732106752	132	135	CSI%3a_Crime_Scene_Investigation	/m/01kt_j	CSI	1	1
100724705983606784	48	55	Bristol	/m/095l0	bristol	1	1
97416715666849792	1	7	Philadelphia_Eagles	/m/05tg3	Eagles	1	1
97416715666849792	35	52	Brodrick_Bunkley	/m/0cwfyq	Broderick Bunkley	1	1
97416715666849792	56	62	Cleveland_Browns	/m/01xvb	Browns	1	1
97416715666849792	104	115	NFL_Network	/m/03cm9b	NFL Network	1	1
97416715666849792	118	133	Jason_La_Canfora	/m/080824x	Jason LaCanfora	1	1
97416715666849792	135	138	National_Football_League	/m/059yj	nfl	1	1
103207560827514880	67	80	United_States_Naval_Special_Warfare_Development_Group	/m/03qnncn	Seal Team Six	1	1
103207560827514880	84	92	Don_Mann	/m/0gg7f7y	Don Mann	1	1
92406036845166594	29	35	Redbox	/m/04d75z	Redbox	1	1
92681654858035201	39	50	William_Shakespeare	/m/081k8	Shakespeare	1	1
92681654858035201	68	75	Rupert_Murdoch	/m/06hrk	Murdoch	1	1
91734985970683904	113	128	Prince_Charming	/m/049p8n	prince charming	1	1
92688744313929728	25	37	Alex_Morgan	/m/05b3cq3	alexmorgan13	1	1
92376408285917185	71	82	Demi_Lovato	/m/02wb6yq	Demi Lovato	1	1
92376408285917185	92	105	Justin_Bieber	/m/06w2sn5	Justin Bieber	1	1
93170883702685696	11	16	Sean_Combs	/m/013w7j	diddy	1	1
93170883702685696	33	37	Jennifer_Lopez	/m/043zg	J.Lo	1	1
97500291691331584	11	19	New_York	/m/059rby	new york	1	1
97500291691331584	24	38	Rose_Law_Firm	/m/0532sf	Rosen Law Firm	1	1
92920367005437952	50	55	Earth	/m/02j71	earth	1	1
92920367005437952	99	111	Richard_Bach	/m/06dpb	Richard Bach	1	1
93548445998129152	0	8	T-Mobile	/m/013rs0	T-Mobile	1	1
93548445998129152	48	59	Roger_Chang	/m/01v38m	Roger Cheng	1	1
92209240676110336	33	54	The_Open_Championship	/m/017zk1	the Open Championship	1	1
99287434281484288	20	25	Ted_Bundy	/m/0123h6	Bundy	1	1
99287434281484288	65	74	Ted_Bundy	/m/0123h6	Ted Bundy	1	1
93246093017620480	34	39	Earth	/m/02j71	Earth	1	1
93246093017620480	107	112	Earth	/m/02j71	earth	1	1
101389158085435392	0	10	Mitsubishi_Motors	/m/01cylx	Mitsubishi	1	1
101389158085435392	32	38	Mitsubishi_Lancer	/m/047ptj	Lancer	1	1
101389158085435392	71	85	Yorihiko_Kojima	/m/04n2h6n	Mitsubishi CEO	1	1
101389158085435392	86	101	Yorihiko_Kojima	/m/04n2h6n	Yoichi Yokozawa	1	1
91858594844246016	0	6	U-KISS	/m/04_04hw	U-KISS	1	1
91858594844246016	7	12	Kevin_Woo	/m/0bs6fhm	Kevin	1	1
91858594844246016	23	34	Jeju_Province	/m/01rffr	Jeju Island	1	1
91858594844246016	66	71	Korea	/m/048fz	Korea	1	1
91866754225156096	22	35	Turkish_Bank	/m/02pw_1y	Turkish banks	1	1
91866754225156096	64	70	Turkey	/m/01znc_	Turkey	1	1
97732251214823424	15	26	J._K._Rowling	/m/042xh	J.K Rowling	1	1
102371087672807425	0	7	Arsenal_F.C.	/m/0xbm	Arsenal	1	1
102371087672807425	19	32	Cesc_F%c3%a0bregas	/m/03tb61	Cesc Fabregas	1	1
102371087672807425	73	82	Barcelona	/m/01f62	Barcelona	1	1
102371087672807425	104	116	El_Peri%c3%b3dico_de_Catalunya	/m/02qtmrr	el periodico	1	1
98488599707779072	21	24	Food_and_Drug_Administration	/m/032mx	FDA	1	1
98488599707779072	72	80	Novartis	/m/0150cn	Novartis	1	1
95188303338422272	33	35	New_York	/m/059rby	NY	1	1
99102712934834176	54	61	Belfast	/m/01l63	Belfast	1	1
97462622781321216	5	10	Chicago_Bears	/m/01y3v	Bears	1	1
97462622781321216	44	50	Houston_Texans	/m/03lsq	Texans	1	1
97462622781321216	54	65	Amobi_Okoye	/m/027l8k6	Amobi Okoye	1	1
94810397047132161	58	64	Norway	/m/05b4w	Norway	1	1
94810397047132161	70	83	Amy_Winehouse	/m/01pq5j7	Amy Winehouse	1	1
103201235800293376	42	55	Sergio_Ag%c3%bcero	/m/099vgz	Serigo Aguero	1	1
92776582619463680	28	44	Ottawa_Bluesfest	/m/03965p	Ottawa Bluesfest	1	1
91974241561489408	16	32	Book_of_the_Dead	/m/014xlw	book of the dead	1	1
91974241561489408	34	55	Revolutionary_Suicide	/m/0bwjlgq	Revolutionary Suicide	1	1
94575922270838784	15	23	Chicago_White_Sox	/m/01slc	WhiteSox	1	1
94575922270838784	26	30	Adam_Dunn	/m/05f951	Dunn	1	1
94575922270838784	111	130	U.S._Cellular_Field	/m/02yxpv	U.S. Cellular Field	1	1
94575922270838784	133	140	Indianapolis_Indians	/m/02_3rx	Indians	1	1
101108656782839809	43	48	Bashar_al-Assad	/m/01_vwx	Assad	1	1
101108656782839809	77	80	CNN	/m/0gsgr	CNN	1	1
101108656782839809	103	108	Syria	/m/06vbd	Syria	1	1
91714818343583744	123	139	Peter_Schmeichel	/m/025cyw	Peter Schmeichel	1	1
93002028334317568	0	44	Harry_Potter_and_the_Deathly_Hallows_%e2%80%93_Part_2	/m/0gvsynb	Harry Potter and the Deathly Hallows Part II	1	1
93017474072715264	45	53	Xbox_360	/m/02plp2	Xbox 360	1	1
93017474072715264	63	72	Windows_8	/m/0gvswcc	Windows 8	1	1
99642970789261313	51	57	France	/m/0f8l9c	France	1	1
92005575671554048	18	29	Demi_Lovato	/m/02wb6yq	Demi Lovato	1	1
92637059126280192	36	50	Windows_Server	/m/02p4v9p	Windows server	1	1
100982604374880256	0	5	Apple_Inc.	/m/0k8z	Apple	1	1
100982604374880256	25	36	ExxonMobil	/m/02s6x	Exxon Mobil	1	1
100982604374880256	106	110	Apple_Inc.	/m/0k8z	AAPL	1	1
102298609004986368	0	15	Velvet_Revolver	/m/0286p5	Velvet Revolver	1	1
102298609004986368	18	28	Matt_Sorum	/m/02y0k8	Matt Sorum	1	1
92443247850422272	64	77	Regina_George	/m/0kksxc1	Regina George	1	1
102319781855772672	0	12	Philadelphia	/m/0dclg	Philadelphia	1	1
102319781855772672	74	85	Philadelphia_City_Hall	/m/02jj38	clock tower	1	1
92969134756859906	0	13	Philip_Morris_International	/m/08f__w	Philip Morris	1	1
92969134756859906	24	33	Australia	/m/0chghy	Australia	1	1
95990282411180033	0	5	Indianapolis_Colts	/m/03wnh	Colts	1	1
95990282411180033	39	44	Indianapolis_Colts	/m/03wnh	Colts	1	1
100980416290373632	51	63	City_of_Salford	/m/02z2sj	Salford/city	1	1
94899638661951488	13	19	Norway	/m/05b4w	Norway	1	1
92931106382413824	71	74	Grand_Theft_Auto_(video_game)	/m/0c40ym	GTA	1	1
101469932000264193	103	112	WikiLeaks	/m/027m_21	WIKILEAKS	1	1
101469932000264193	118	121	CNN	/m/0gsgr	cnn	1	1
92110996134576128	11	19	Han_Geng	/m/0fv3fd	Han Geng	1	1
92110996134576128	32	39	Bangkok	/m/0fn2g	Bangkok	1	1
93699434617118721	14	17	BBC	/m/0g5lhl7	BBC	1	1
92822933868773376	113	116	God	/m/0d05l6	God	1	1
100852048098111488	0	13	David_Cameron	/m/0266lb	David Cameron	1	1
92276158808334336	107	117	Will_Smith	/m/0147dk	Will Smith	1	1
96218508186238976	90	98	Bordeaux	/m/01b85	Bordeaux	1	1
92296187314581504	9	12	God	/m/0d05l6	God	1	1
92045704205307904	28	35	Groupon	/m/06zkw7m	Groupon	1	1
92045704205307904	40	53	LivingSocial	/m/0bbvknn	Living Social	1	1
100925943694110720	5	8	Republican_Party_(United_States)	/m/07wbk	GOP	1	1
100925943694110720	23	28	Barack_Obama	/m/02mjmr	Obama	1	1
93022300558995456	44	52	Facebook	/m/02y1vz	Facebook	1	1
101058689523400704	25	34	Newcastle_upon_Tyne	/m/0j7ng	Newcastle	1	1
101058689523400704	36	46	Sunderland%2c_Tyne_and_Wear	/m/01n7rc	Sunderland	1	1
102581530127376384	71	111	Indianapolis_Metropolitan_Police_Department	/m/02qwy1s	Indianapolis Department of Public Safety	1	1
98068716322951169	75	82	Georgia_(country)	/m/0d0kn	Georgia	1	1
94809680999759872	0	13	Amy_Winehouse	/m/01pq5j7	Amy Winehouse	1	1
94500411716808705	39	45	Norway	/m/05b4w	Norway	1	1
94398791322578944	0	11	Mayo_Clinic	/m/0158xh	Mayo Clinic	1	1
93030932201734144	16	30	Nelson_Mandela	/m/05g7q	Nelson Mandela	1	1
92383286952869889	0	3	God	/m/0d05l6	God	1	1
97292216472580096	54	67	Fenelon_Falls	/m/04h851	Fenelon Falls	1	1
97292216472580096	118	129	Trent%e2%80%93Severn_Waterway	/m/01gb3b	trentsevern	1	1
93274772011626496	0	15	Bank_of_America	/m/01yx7f	Bank of America	1	1
93274772011626496	95	114	CNNMoney.com	/m/03m3wyd	http://CNNMoney.com	1	1
101235330262372352	0	13	David_Cameron	/m/0266lb	David Cameron	1	1
100342613860818944	24	30	London	/m/04jpl	London	1	1
100342613860818944	102	124	London	/m/04jpl	Britain's Capital city	1	1
97081523962003456	0	7	Namibia_Under-19_cricket_team	/m/0bfsmg	Namibia	1	1
97081523962003456	16	23	Ireland_Under-19_cricket_team	/m/0bfsq6	Ireland	1	1
97081523962003456	90	112	ICC_Under-19_Cricket_World_Cup	/m/027v2r2	ICC Under-19 World Cup	1	1
100908104941715456	0	8	Walworth	/m/0ncqn	Walworth	1	1
100908104941715456	64	76	Surrey_Quays	/m/02d9l5	Surrey Quays	1	1
91887708938579968	5	10	Barack_Obama	/m/02mjmr	Obama	1	1
92755669811339264	33	44	Gerber_Baby	/m/04_1lt6	Gerber Baby	1	1
91810529621966848	17	24	Ireland	/m/012wgb	ireland	1	1
94646227211272192	55	59	Lockheed_Martin_F-22_Raptor	/m/0hjmr	F-22	1	1
94646227211272192	63	69	Alaska	/m/0hjy	Alaska	1	1
99670130161745920	44	46	Associated_Press	/m/0cv_2	AP	1	1
94510033202724865	56	80	U.S._News_%26_World_Report	/m/029wc8	US News and World Report	1	1
95578608407552000	11	19	Alex_Ferguson	/m/0bvlv	Ferguson	1	1
95578608407552000	27	31	Manchester_United_F.C.	/m/050fh	Club	1	1
95578608407552000	36	38	The_Football_Association	/m/0chl9	FA	1	1
92934213975805952	7	14	Kim_Heechul	/m/0g7xbs	Heechul	1	1
92934213975805952	64	72	Goo_Ha-ra	/m/0bh8yqn	Goo Hara	1	1
92934213975805952	77	85	Yong_Jun-hyung	/m/0gffky8	Junhyung	1	1
97373690815197184	0	4	Amanda_Knox	/m/05nb871	Knox	1	1
97373690815197184	48	59	Amanda_Knox	/m/05nb871	Amanda Knox	1	1
97373690815197184	106	111	Italy	/m/03rjj	Italy	1	1
94453092074008577	34	52	Strathclyde_Police	/m/08xsqw	Strathclyde Police	1	1
96252784025931776	48	59	Philippines	/m/05v8c	Philippines	1	1
92705896173551619	44	60	FIFA_Women%27s_World_Cup	/m/01kglk	womens world cup	1	1
92705896173551619	90	94	Asia	/m/0j0k	asia	1	1
100529934270873600	39	50	Apple_Store	/m/02hwrl	Apple Store	1	1
100529934270873600	95	103	The_Next_Web	/m/0h7njwd	TNWapple	1	1
92066368203141120	86	98	Ryan_Seacrest	/m/02b9g4	RyanSeacrest	1	1
92066368203141120	100	104	Children%27s_Hospital_of_Philadelphia	/m/03rwsh	CHOP	1	1
92066368203141120	110	119	The_Voice_(U.S._TV_series)	/m/0gg645n	The Voice	1	1
91814395486814208	8	14	Justin_Bieber	/m/06w2sn5	Justin	1	1
101830185904648192	0	7	Oakland_Raiders	/m/05l71	Raiders	1	1
93456222954594304	0	15	Barack_Obama	/m/02mjmr	President Obama	1	1
94807440419332097	29	42	Amy_Winehouse	/m/01pq5j7	Amy Winehouse	1	1
91957731992420352	1	24	Sasha_Vuja%c4%8di%c4%87	/m/07f3jg	NBA Guard Sasha Vujacic	1	1
91957731992420352	53	57	Brooklyn_Nets	/m/0jm3b	Nets	1	1
91957731992420352	71	83	Anadolu_Efes_S.K.	/m/04z7yx	Turkish team	1	1
99480036737957888	9	14	Libya	/m/04gqr	Libya	1	1
99480036737957888	31	44	Saif_al-Arab_Gaddafi	/m/0gg5qk2	Gadhafi's Son	1	1
92457484513574913	32	45	Jaden_Smith	/m/0271y9f	officialjaden	1	1
92457484513574913	47	59	Justin_Bieber	/m/06w2sn5	justinbieber	1	1
96585350411071489	0	7	Hosni_Mubarak	/m/0dnps	Mubarak	1	1
96585350411071489	28	33	Cairo	/m/01w2v	Cairo	1	1
96585350411071489	35	40	Egypt	/m/02k54	Egypt	1	1
96585350411071489	73	77	Alaa_Mubarak	/m/04d1cq	Alaa	1	1
96585350411071489	82	87	Gamal_Mubarak	/m/03v_2c	Gamal	1	1
94539178125176833	0	15	John_Boehner	/m/039rwf	Speaker Boehner	1	1
94539178125176833	61	69	NBC_News	/m/016bvz	NBC News	1	1
101007518347694080	0	7	Florida	/m/02xry	Florida	1	1
100654462988849152	23	30	David_Cameron	/m/0266lb	Cameron	1	1
92422462960173056	10	15	Barack_Obama	/m/02mjmr	Obama	1	1
92422462960173056	50	61	Eric_Cantor	/m/027z_f	Eric Cantor	1	1
92923364871647232	64	74	Jesus	/m/045m1_	Lord Jesus	1	1
102924579508461568	0	5	India	/m/03rk0	India	1	1
102924579508461568	22	38	Independence_Day_(India)	/m/07j57g	Independence Day	1	1
100736523179274240	0	3	BBC	/m/0g5lhl7	BBC	1	1
100736523179274240	13	26	Waltham_Abbey_(town)	/m/04zx03	Waltham Abbey	1	1
100736523179274240	35	39	Sony	/m/06q07	Sony	1	1
100736523179274240	65	76	Sainsbury%27s	/m/016s7w	Sainsbury's	1	1
98501375574544385	68	81	Roberta_Vinci	/m/05zf7w	Roberta Vinci	1	1
92962155711827968	31	42	Afghanistan	/m/0jdd	Afghanistan	1	1
92962155711827968	87	109	12th_Royal_Lancers	/m/02q687c	9th/12th Royal Lancers	1	1
95502045565562880	29	40	Borno_State	/m/06xjkq	Borno State	1	1
96273919115403264	32	40	Genel_Energy	/m/0h547fg	Vallares	1	1
96273919115403264	46	55	Abu_Dhabi	/m/0gxj	Abu Dhabi	1	1
93093868379193344	105	112	Rupert_Murdoch	/m/06hrk	Murdoch	1	1
92542016197623808	72	78	Justin_Bieber	/m/06w2sn5	Justin	1	1
93202345378332673	0	9	Halloween	/m/03lq2	Halloween	1	1
92378631279611904	82	89	Laozi	/m/0h9wp	Lao Tzu	1	1
98838837832327168	16	30	Michael_Lombardi_(American_football)	/m/0b6gsjh	michaelombardi	1	1
98838837832327168	41	52	NFL_Network	/m/03cm9b	NFL Network	1	1
98838837832327168	54	64	Kyle_Orton	/m/04pwwd	Kyle Orton	1	1
98838837832327168	88	94	Denver_Broncos	/m/0289q	Denver	1	1
95396113888194560	57	93	Habib_el-Adly	/m/0cv6ql	Adli the former minister of Interior	1	1
95396113888194560	125	130	Egypt	/m/02k54	Egypt	1	1
97867813376622592	80	95	Bismarck%e2%80%93Mandan	/m/053fl_	Bismarck/Mandan	1	1
97325208838471680	0	5	China	/m/0d05w3	China	1	1
100960553220046848	33	44	Sainsbury%27s	/m/016s7w	Sainsbury's	1	1
94518623552552961	12	25	Anders_Behring_Breivik	/m/0h1fpkg	Utøya shooter	1	1
92453059170537474	85	94	Southeastern_United_States	/m/03dwt_	Southeast	1	1
101797821711269888	4	16	Sky_News	/m/01fp7c	SkyNewsBreak	1	1
101797821711269888	111	117	Ealing	/m/013c2f	Ealing	1	1
101797821711269888	124	130	London	/m/04jpl	London	1	1
91681201491943424	38	44	Justin_Bieber	/m/06w2sn5	Justin	1	1
92224552599429120	115	118	God	/m/0d05l6	God	1	1
96004045017321473	35	39	Khap_(film)	/m/0h51pqn	Khap	1	1
96004045017321473	71	78	Haryana	/m/03p7r	Haryana	1	1
94135082436132864	79	85	Greece	/m/035qy	Greece	1	1
96309990792507392	0	14	Adam_Vinatieri	/m/028r5b	Adam Vinatieri	1	1
96309990792507392	65	70	Indianapolis_Colts	/m/03wnh	Colts	1	1
101736175064190976	122	134	The_Next_Web	/m/0h7njwd	thenextwebuk	1	1
93983936493010944	19	23	NASA	/m/05f4p	NASA	1	1
93983936493010944	26	46	Kennedy_Space_Center	/m/045z8	Kennedy Space Center	1	1
93983936493010944	71	76	Earth	/m/02j71	Earth	1	1
100425433820045314	0	10	Federal_government_of_the_United_States	/m/01bqks	Washington	1	1
100425433820045314	43	50	Somalia	/m/06tgw	Somalia	1	1
100425433820045314	99	130	Transitional_Federal_Government	/m/025th88	Transitional Federal Government	1	1
100425433820045314	132	135	Transitional_Federal_Government	/m/025th88	TFG	1	1
96566158613938178	31	37	New_Orleans_Saints	/m/05g3v	Saints	1	1
96566158613938178	42	50	Miami_Dolphins	/m/04vn5	Dolphins	1	1
96566158613938178	68	82	Reggie_Bush	/m/05cb70	RB Reggie Bush	1	1
96566158613938178	131	136	Miami_Dolphins	/m/04vn5	Miami	1	1
92717757963059200	34	49	Graeme_McDowell	/m/06d27k	Graeme_McDowell	1	1
92717757963059200	51	62	Rory_McIlroy	/m/0b86xd	McIlroyRory	1	1
92651400680587264	7	17	Metropolitan_Police_Service	/m/01bb7n	Met Police	1	1
92651400680587264	39	53	Rebekah_Brooks	/m/04yx08	Rebekah Brooks	1	1
92651400680587264	62	70	Sky_News	/m/01fp7c	Sky News	1	1
92454111949230080	78	84	Tiffin%2c_Ohio	/m/0z1qd	Tiffin	1	1
94429050306707456	9	13	Glee_(TV_series)	/m/05f4vxd	Glee	1	1
94429050306707456	21	33	Darren_Criss	/m/0dlmdn_	Darren Criss	1	1
94429050306707456	54	70	Daniel_Radcliffe	/m/013_vh	Daniel Radcliffe	1	1
94429050306707456	75	101	How_to_Succeed_in_Business_Without_Really_Trying	/m/02nw41	How to Succeed in Business	1	1
96979327224266752	10	26	J%c3%bcrgen_Klinsmann	/m/02ljlh	Jurgen Klinsmann	1	1
96979327224266752	61	64	United_States_men%27s_national_soccer_team	/m/02s9vc	USA	1	1
92861039120625664	0	6	Europe	/m/02j9z	Europe	1	1
95922572083990528	21	30	Americans	/m/04q7gbh	Americans	1	1
95922572083990528	104	111	Reuters	/m/0ps53	Reuters	1	1
95922572083990528	112	117	Ipsos	/m/08v0x0	IPSOS	1	1
94815768675487745	31	34	Amy_Winehouse	/m/01pq5j7	Amy	1	1
95269953741144066	1	4	Major_League_Baseball	/m/09p14	MLB	1	1
95269953741144066	42	49	Cleveland_Indians	/m/01yhm	Indians	1	1
100947346967367680	83	90	Watford	/m/01z28b	Watford	1	1
100947346967367680	96	110	Hemel_Hempstead	/m/01m3b7	Hemelhempstead	1	1
98174256785010688	14	32	Gabrielle_Giffords	/m/0dvl98	Gabrielle Giffords	1	1
98174256785010688	36	41	White_House	/m/081sq	House	1	1
98174256785010688	95	98	NBC	/m/05gnf	NBC	1	1
93020527530221568	11	24	The_Lion_King	/m/0m63c	the lion king	1	1
92732661361152000	77	86	Facebook	/m/02y1vz	Face book	1	1
99618926908018689	0	4	KELO-TV	/m/06wr4v	KELO	1	1
97771581320867840	0	9	John_Kuhn	/m/0c8sqz	John Kuhn	1	1
97771581320867840	33	40	Green_Bay_Packers	/m/03b3j	Packers	1	1
91746958015856640	62	69	Twitter	/m/0289n8t	Twitter	1	1
100736087588216832	29	36	Croydon	/m/02gw_w	Croydon	1	1
100736087588216832	40	47	Brixton	/m/0n90z	Brixton	1	1
100736087588216832	54	61	Enfield_Town	/m/01vv4m	Enfield	1	1
100736087588216832	62	73	Sony_Centre	/m/02qqbk9	Sony Centre	1	1
92701225673428992	27	43	Women%27s_National_Basketball_Association	/m/0fv18	Womens World Cup	1	1
92701225673428992	96	100	Women%27s_National_Basketball_Association	/m/0fv18	WNBA	1	1
92907150279589888	69	72	God	/m/0d05l6	God	1	1
92638811993030656	68	73	Plato	/m/05qmj	Plato	1	1
92741631727509504	40	49	SpongeBob_SquarePants	/m/07vqnc	Spongebob	1	1
92741631727509504	91	103	SpongeBob_SquarePants	/m/07vqnc	Krabby Patty	1	1
98182828684087296	5	23	Gabrielle_Giffords	/m/0dvl98	Gabrielle Giffords	1	1
92145076297404416	1	8	The_Chew	/m/0glqhzg	TheChew	1	1
93031500760629248	26	36	British_Virgin_Islands_national_football_team	/m/04hshb	teamvirgin	1	1
97187748938661888	0	7	Trevor_Plouffe	/m/04jfxhl	Plouffe	1	1
97187748938661888	29	34	Minnesota_Twins	/m/0512p	Twins	1	1
92591462549700608	10	17	Arsenal_F.C.	/m/0xbm	Arsenal	1	1
92591462549700608	24	32	Joel_Campbell	/m/0bs92d0	Campbell	1	1
94524421292834816	0	15	Barack_Obama	/m/02mjmr	President Obama	1	1
94524421292834816	52	63	White_House	/m/081sq	White House	1	1
92100829905035264	46	55	Vancouver	/m/080h2	Vancouver	1	1
92652817118007296	0	16	Northern_Ireland	/m/05bcl	Northern Ireland	1	1
92652817118007296	19	26	Phoenix_Park	/m/012y3n	Phoenix	1	1
92652817118007296	85	92	Ireland	/m/012wgb	Ireland	1	1
95434223678263297	0	7	Vietnam	/m/01crd5	Vietnam	1	1
95434223678263297	85	100	Truong_Tan_Sang	/m/0g9zmp3	Truong Tan Sang	1	1
94484528395071488	59	64	Ut%c3%b8ya	/m/04y7_jl	Utoya	1	1
94484528395071488	95	99	Oslo	/m/05l64	oslo	1	1
92250755318288384	51	62	River_Market%2c_Kansas_City	/m/06c80k	RiverMarket	1	1
96229136179281920	0	19	James_McNerney	/m/06q1jt	Boeing CEO McNerney	1	1
96229136179281920	44	55	Rolls-Royce_Group_PLC	/m/0286m5	Rolls-Royce	1	1
97827245397254145	0	4	Harry_Reid	/m/0204x1	Reid	1	1
97827245397254145	9	18	Mitch_McConnell	/m/01z6ls	McConnell	1	1
97827245397254145	78	81	CBS	/m/09d5h	CBS	1	1
97827245397254145	98	108	Jonathan_Nolan	/m/07v4d7	John Nolen	1	1
97718890427191296	29	36	Kashmir	/m/04f30	Kashmir	1	1
92073562759892992	61	74	Massachusetts	/m/05k7sb	Massachusetts	1	1
95637005131722752	0	11	White_House	/m/081sq	White House	1	1
95637005131722752	13	18	Barack_Obama	/m/02mjmr	Obama	1	1
96945755121659904	0	28	Dawan_Landry	/m/0ffl1w	Former Ravens S Dawan Landry	1	1
96945755121659904	75	82	Jacksonville_Jaguars	/m/043vc	Jaguars	1	1
95127529593122816	17	28	Johann_Hari	/m/04hsmw	Johann Hari	1	1
95127529593122816	47	59	Orwell_Prize	/m/0cnxdr	Orwell Prize	1	1
95127529593122816	60	71	The_Independent	/m/0q4tw	Independent	1	1
99171192048599040	0	13	Virginia_Tech	/m/01jswq	Virginia Tech	1	1
99171192048599040	118	130	Virginia_Tech	/m/01jswq	virginiatech	1	1
101022946017017856	51	61	Manchester	/m/052bw	Manchester	1	1
101022946017017856	65	72	City_of_Salford	/m/02z2sj	Salford	1	1
92075215315681281	62	69	YouTube	/m/09jcvs	youtube	1	1
91760551276986368	16	23	Twitter	/m/0289n8t	Twitter	1	1
92019191024066560	37	49	David_Shuster	/m/0g68f1	DavidShuster	1	1
92019191024066560	93	98	MSNBC	/m/0152x_	MSNBC	1	1
94807286882635776	0	10	Metropolitan_Police_Service	/m/01bb7n	Met Police	1	1
94807286882635776	38	51	Amy_Winehouse	/m/01pq5j7	Amy Winehouse	1	1
91874723381780481	27	30	Republican_Party_(United_States)	/m/07wbk	GOP	1	1
91874723381780481	92	97	Barack_Obama	/m/02mjmr	Obama	1	1
92979691803262976	0	24	Call_of_Duty%3a_Black_Ops	/m/0bwm8y4	call of duty ; black ops	1	1
100686707728453632	0	8	Sky_News	/m/01fp7c	Sky News	1	1
100686707728453632	40	45	Leeds	/m/04p3c	Leeds	1	1
93443989793030144	0	5	Apple_Inc.	/m/0k8z	Apple	1	1
96952068228661248	121	128	Bahrain	/m/0161c	Bahrain	1	1
98069781692940288	41	49	Maryland	/m/04rrd	Maryland	1	1
98069781692940288	51	59	Virginia	/m/07z1m	Virginia	1	1
94509025118519296	10	21	Jens_Stoltenberg	/m/01b8g6	Stoltenberg	1	1
92804182280634371	0	7	CM_Punk	/m/05l473	Cm punk	1	1
92804182280634371	16	24	John_Cena	/m/01ypx5	Jon cena	1	1
92804182280634371	62	65	WWE	/m/0gy1_	wwe	1	1
101087898002145280	38	78	International_Committee_of_the_Red_Cross	/m/0c_bfw	International Committee of the Red Cross	1	1
101087898002145280	80	84	International_Committee_of_the_Red_Cross	/m/0c_bfw	ICRC	1	1
92588165663162369	0	14	Rebekah_Brooks	/m/04yx08	Rebekah Brooks	1	1
98181224346034176	38	41	Central_Intelligence_Agency	/m/0d6qjf	CIA	1	1
92627625608097795	28	41	Darren_Clarke	/m/052zxr	Darren Clarke	1	1
92627625608097795	62	78	Northern_Ireland	/m/05bcl	Northern Ireland	1	1
101260598460940289	35	43	Abdul_Khalid_Ibrahim	/m/02qpq5w	S'gor MB	1	1
101260598460940289	50	60	United_Malays_National_Organisation	/m/01__z0	Umno Youth	1	1
101260598460940289	85	104	Selangor	/m/01jc9d	Selangor government	1	1
89391663738400769	43	46	God	/m/0d05l6	God	1	1
93695066069151744	15	40	Ho_Chi_Minh_City	/m/0hn4h	Ho Chi Minh City, Vietnam	1	1
92645861737246720	35	50	Sharm_el-Sheikh	/m/0266kj	sharm el sheikh	1	1
92645861737246720	71	78	Hosni_Mubarak	/m/0dnps	Mubarak	1	1
93681637950365696	30	35	Apple_Inc.	/m/0k8z	Apple	1	1
93681637950365696	42	46	Mac_OS_X_Lion	/m/0dr_08g	Lion	1	1
100010138022330368	20	25	Tokyo	/m/07dfk	Tokyo	1	1
100010138022330368	29	34	Japan	/m/03_3d	Japan	1	1
91950032097525760	1	9	Demi_Lovato	/m/02wb6yq	ddlovato	1	1
92673205621370880	35	42	United_Parcel_Service	/m/01d734	UPSHelp	1	1
92699366166503424	28	33	Japan	/m/03_3d	Japan	1	1
92699366166503424	97	102	United_States_women%27s_national_soccer_team	/m/02_b7d	USWNT	1	1
92699366166503424	106	109	Japan	/m/03_3d	JPN	1	1
93978341606043648	45	52	Florida	/m/02xry	Florida	1	1
93978341606043648	58	64	Naples%2c_Florida	/m/0rk71	Naples	1	1
102401405851140096	16	25	Liverpool_F.C.	/m/04ltf	Liverpool	1	1
102401405851140096	52	59	Stewart_Downing	/m/04kvcb	Downing	1	1
92508293959917568	23	28	Japan	/m/03_3d	Japan	1	1
100986702033731584	11	26	BBC_News_at_Six	/m/08l2yh	BBC News at Six	1	1
100986702033731584	76	86	Birmingham	/m/0k33p	Birmingham	1	1
100986702033731584	88	95	Bristol	/m/095l0	Bristol	1	1
100986702033731584	97	107	Nottingham	/m/09tlh	Nottingham	1	1
100986702033731584	112	121	Liverpool	/m/04lh6	Liverpool	1	1
95906544255897600	0	11	Andr%c3%a9_Villas-Boas	/m/0bmfjmh	Villas-Boas	1	1
95906544255897600	30	60	Andr%c3%a9_Villas-Boas	/m/0bmfjmh	Chelsea boss Andre Villas-Boas	1	1
92666511990341633	14	24	Metropolitan_Police_Service	/m/01bb7n	Met Police	1	1
92666511990341633	119	123	News_of_the_World	/m/01hjf3	notw	1	1
96276025083822080	0	7	Seattle_Seahawks	/m/070xg	Seattle	1	1
96276025083822080	31	66	Robert_Gallery	/m/04nk09	former Raiders guard Robert Gallery	1	1
96276025083822080	89	96	Robert_Gallery	/m/04nk09	Gallery	1	1
96276025083822080	101	110	Tom_Cable	/m/0274nyp	Tom Cable	1	1
97963233780056064	0	7	Foxconn	/m/0cwldz	Foxconn	1	1
103139143063842816	0	8	Wesley_Sneijder	/m/03dvdx	Sneijder	1	1
103139143063842816	38	46	Wesley_Sneijder	/m/03dvdx	Sneijder	1	1
103139143063842816	63	68	Inter_Milan	/m/03x6m	Inter	1	1
103139143063842816	73	79	Manchester_United_F.C.	/m/050fh	United	1	1
98173600703582208	5	12	Keith_Ellison	/m/0dlwms	Ellison	1	1
98173600703582208	16	19	CNN	/m/0gsgr	CNN	1	1
98173600703582208	62	70	Americans	/m/04q7gbh	American	1	1
96953957791956992	0	2	Associated_Press	/m/0cv_2	AP	1	1
99760962835460096	37	49	Saskatchewan	/m/06nrt	Saskatchewan	1	1
92647293202857984	63	70	Twitter	/m/0289n8t	TWITTER	1	1
96039621137399809	19	27	Mukilteo%2c_Washington	/m/010ttf	Mukilteo	1	1
96039621137399809	43	57	United_States_Senior_Open	/m/058931	US Senior Open	1	1
100933019145207808	55	80	Santiago_Bernab%c3%a9u_Stadium	/m/01gxlt	Santiago Bernabeu stadium	1	1
100933019145207808	84	90	Madrid	/m/056_y	Madrid	1	1
100933019145207808	118	129	Antonio_Mateu_Lahoz	/m/0m0nb7y	Mateu Lahoz	1	1
100864013872803841	38	45	London_Borough_of_Hackney	/m/0n96z	Hackney	1	1
93046116983123968	9	23	Southern_Cross_Healthcare_(United_Kingdom)	/m/0ffxlf	Southern Cross	1	1
101022789389131776	89	94	Egypt	/m/02k54	Egypt	1	1
100227045275082752	5	13	Manchester_City_F.C.	/m/01634x	Man City	1	1
100227045275082752	18	24	Manchester_United_F.C.	/m/050fh	United	1	1
100227045275082752	26	39	The_Champions	/m/043t9_	The Champions	1	1
100227045275082752	70	86	FA_Community_Shield	/m/01ql79	Community Shield	1	1
100227045275082752	113	120	Wembley	/m/0ncth	Wembley	1	1
100227045275082752	124	128	Manchester_United_F.C.	/m/050fh	MUFC	1	1
93064738422009857	0	8	Manchester_City_F.C.	/m/01634x	Man City	1	1
93064738422009857	23	34	Corinthian_F.C.	/m/0434qy	Corinthians	1	1
93064738422009857	55	60	Carlos_T%c3%a9vez	/m/03_77y	Tevez	1	1
93064738422009857	119	123	Manchester_City_F.C.	/m/01634x	mcfc	1	1
97004151946481664	0	5	Apple_Inc.	/m/0k8z	Apple	1	1
97004151946481664	41	47	Federal_government_of_the_United_States	/m/01bqks	US gov	1	1
91917092294627328	0	22	Harry_Potter_and_the_Deathly_Hallows_%e2%80%93_Part_2	/m/0gvsynb	Deathly Hallows Part 2	1	1
91917092294627328	65	72	Harry_Potter_(film_series)	/m/02676m4	Harry P	1	1
101671002735521793	0	18	BofI_Holding_Inc	/m/03p1nqc	BofI Holding, Inc.	1	1
96191043862663169	0	9	Liverpool_F.C.	/m/04ltf	Liverpool	1	1
96191043862663169	53	59	Mexico	/m/0b90_r	Mexico	1	1
96191043862663169	61	72	Marco_Bueno	/m/0h_d9f2	Marco Bueno	1	1
96191043862663169	128	137	Liverpool	/m/04lh6	Liverpool	1	1
100312203428757504	36	43	London_Borough_of_Enfield	/m/0nccd	Enfield	1	1
92406762476535808	5	32	Ouachita_Baptist_University	/m/01t4_8	Ouachita Baptist University	1	1
92406762476535808	33	47	Kristen_Glover	/m/0h1grv8	Kristen Glover	1	1
96548633469652992	11	22	Philippines_national_football_team	/m/04k3r_	PHILIPPINES	1	1
96548633469652992	27	33	Kuwait_national_football_team	/m/040wm3	KUWAIT	1	1
96548633469652992	34	41	Stephan_Schr%c3%b6ck	/m/05bz_vw	Schrock	1	1
101065852761284608	11	22	John_King_(journalist)	/m/075dqm	JohnKingUSA	1	1
101065852761284608	33	38	Barack_Obama	/m/02mjmr	Obama	1	1
101065852761284608	58	63	Syria	/m/06vbd	Syria	1	1
101065852761284608	64	82	Bashar_al-Assad	/m/01_vwx	president al-Assad	1	1
102759881064460288	1	9	Michele_Bachmann	/m/06jm4y	Bachmann	1	1
99987249726373888	1	10	Singapore	/m/06t2t	singapore	1	1
99987249726373888	36	39	Paris_Saint-Germain_F.C.	/m/01_1kk	PSG	1	1
99987249726373888	67	72	Paris	/m/05qtj	PARIS	1	1
99987249726373888	80	93	Paris_Saint-Germain_F.C.	/m/01_1kk	Saint-Germain	1	1
91944850680844288	0	3	Boston_Police_Department	/m/04s4y9	BPD	1	1
91944850680844288	13	23	James_Bond	/m/0clpml	James Bond	1	1
91944850680844288	47	68	Hyde_Park%2c_Boston	/m/05mvqn	Dana Ave in Hyde Park	1	1
101588676915625984	28	37	Australia	/m/0chghy	Australia	1	1
92999023346196480	25	28	Tata_Consultancy_Services	/m/01psx8	TCS	1	1
102306127076786176	0	12	Robbie_Keane	/m/02y0dd	Robbie Keane	1	1
102306127076786176	35	43	Los_Angeles_Galaxy	/m/01k2yr	LAGalaxy	1	1
99556024939331584	50	74	American_City_Business_Journals	/m/09_89z	Houston Business Journal	1	1
101635276731981824	113	123	Manchester	/m/052bw	Manchester	1	1
92650847426707456	19	24	Tiger_Woods	/m/0bwdn	Tiger	1	1
92650847426707456	57	73	Northern_Ireland	/m/05bcl	Northern Ireland	1	1
91840736932278273	0	8	La_Manga	/m/0b2fmm	La Manga	1	1
91840736932278273	9	14	Spain	/m/06mkj	Spain	1	1
91840736932278273	38	44	Murcia	/m/0g83j	Murcia	1	1
91840736932278273	65	77	Costa_C%c3%a1lida	/m/09f85n	Costa Calida	1	1
91840736932278273	79	87	La_Manga	/m/0b2fmm	La Manga	1	1
99885981905321985	62	77	Osama_bin_Laden	/m/05mg9	Usama bin Laden	1	1
99885981905321985	99	110	Afghanistan	/m/0jdd	Afghanistan	1	1
98836567585595392	5	13	West_Bromwich	/m/01n244	Bromwich	1	1
98836567585595392	19	27	Cambridge_Energy_Research_Associates	/m/07nhbl	IHS CERA	1	1
98836567585595392	40	54	Gulf_of_Mexico	/m/03f_9	Gulf of Mexico	1	1
98836567585595392	94	112	Bureau_of_Ocean_Energy_Management%2c_Regulation_and_Enforcement	/m/05pvnr	Bureau of Ocean En	1	1
92712259708665856	4	10	Brazil	/m/015fr	Brazil	1	1
92712259708665856	102	115	Copa_Am%c3%a9rica	/m/01l5y1	Copa AmÃ©rica	1	1
98017591959896064	11	18	Arsenal_F.C.	/m/0xbm	arsenal	1	1
98017591959896064	23	28	Tottenham_Hotspur_F.C.	/m/0hvjr	spurs	1	1
98017591959896064	36	40	Juan_Mata	/m/026n047	Mata	1	1
98017591959896064	57	65	Valencia_CF	/m/080_y	Valencia	1	1
96924850878287872	33	36	Liverpool_F.C.	/m/04ltf	LFC	1	1
96924850878287872	68	75	Jos%c3%a9_Enrique_S%c3%a1nchez	/m/02w89tv	Enrique	1	1
96924850878287872	77	85	Aly_Cissokho	/m/0479f_5	Cissokho	1	1
96924850878287872	87	101	%c3%81lvaro_Pereira	/m/02y_kzs	Alvaro Pereira	1	1
96924850878287872	104	118	Marcell_Jansen	/m/09b3p1	Marcell Jansen	1	1
97352404718194688	4	16	ESPNcricinfo	/m/04bdx7	ESPNcricinfo	1	1
97352404718194688	92	99	England_cricket_team	/m/038zh6	England	1	1
102134926312357888	60	70	California	/m/01n7q	California	1	1
92768228354424832	126	129	Quest_for_Glory	/m/06b59	QFG	1	1
99124519112949762	11	24	Virginia_Tech	/m/01jswq	Virginia Tech	1	1
99124519112949762	119	139	Campus_of_Virginia_Tech	/m/0dkvh_	Dietrick dining hall	1	1
93005124485652481	0	10	Sean_Hoare	/m/0gywwqb	Sean Hoare	1	1
93005124485652481	78	92	The_New_York_Times	/m/07k2d	new York Times	1	1
93005124485652481	93	101	The_Guardian	/m/0cnn5	guardian	1	1
98182476941373440	0	3	Federal_Bureau_of_Investigation	/m/02_1m	FBI	1	1
98182476941373440	29	40	D._B._Cooper	/m/02fqh	D.B. Cooper	1	1
93098061496188928	19	26	Rupert_Murdoch	/m/06hrk	Murdoch	1	1
93098061496188928	79	88	Anonymous_(group)	/m/03nr1np	anonymous	1	1
99200989688643584	80	87	Florida	/m/02xry	Florida	1	1
99200989688643584	98	107	WTVJ	/m/09c2ql	NBC Miami	1	1
98497382597148672	4	11	Reuters	/m/0ps53	Reuters	1	1
98497382597148672	96	110	Anderson_Cooper	/m/02z14n	andersoncooper	1	1
100893609435471872	0	14	Foster_Wheeler	/m/03p25q4	Foster Wheeler	1	1
100893609435471872	48	63	Barrancabermeja	/m/037yqb	Barrancabermeja	1	1
95222918291783680	9	23	Martin_Guptill	/m/0dthpt	Martin Guptill	1	1
95222918291783680	50	60	Derbyshire_County_Cricket_Club	/m/05_blf	Derbyshire	1	1
95222918291783680	74	78	Kent_County_Cricket_Club	/m/04drl3	Kent	1	1
95222918291783680	88	106	ECB_40	/m/0bwh10m	Clydesdale Bank 40	1	1
92337720017420289	0	2	New_York	/m/059rby	NY	1	1
92333694446084096	71	80	Epictetus	/m/02tkc	Epictetus	1	1
101992331275796480	13	21	Cesc_F%c3%a0bregas	/m/03tb61	Fabregas	1	1
101992331275796480	47	56	FC_Barcelona	/m/0hvgt	Barcelona	1	1
101992331275796480	71	78	Arsenal_F.C.	/m/0xbm	arsenal	1	1
101992331275796480	92	105	Sky_Sports_News	/m/02t2mz	SkySportsNews	1	1
93661388681125888	1	10	Bodyguard_(2011_Hindi_film)	/m/0dgr_5t	Bodyguard	1	1
93661388681125888	81	96	Salman_Khan	/m/01s0l0	BeingSalmanKhan	1	1
94899543874867200	34	46	Amy_Winehouse	/m/01pq5j7	AmyWinehouse	1	1
91794662699974656	46	54	Coldplay	/m/0kr_t	Coldplay	1	1
98932393993449472	25	34	Irish_Sea	/m/012815	Irish Sea	1	1
98932393993449472	36	38	United_Kingdom	/m/07ssc	UK	1	1
96255867585966080	0	13	Scotland_Yard	/m/06rk2	Scotland Yard	1	1
96255867585966080	39	46	LulzSec	/m/0gvrvjk	LulzSec	1	1
96255867585966080	57	64	Topiary_(hacktivist)	/m/0gkxwhb	Topiary	1	1
96255867585966080	115	124	Anonymous_(group)	/m/03nr1np	Anonymous	1	1
100508351074545664	11	19	Sky_News	/m/01fp7c	Sky News	1	1
100508351074545664	34	36	United_Kingdom	/m/07ssc	UK	1	1
100508351074545664	64	70	London	/m/04jpl	London	1	1
100508351074545664	102	115	Currys	/m/068mt3	Curry's store	1	1
94775708471144448	0	9	Lady_Gaga	/m/0478__m	Lady Gaga	1	1
94775708471144448	63	70	YouTube	/m/09jcvs	YouTube	1	1
97500470293168128	54	60	Ferran_Adri%c3%a0	/m/05bk_m	Ferran	1	1
97865728119681024	0	14	Virgin_America	/m/03bwrn	Virgin America	1	1
92079095046881281	7	14	Groupon	/m/06zkw7m	Groupon	1	1
92079095046881281	19	32	LivingSocial	/m/0bbvknn	living Social	1	1
97379561582497792	81	112	Federal_Aviation_Administration	/m/02_hj	Federal Aviation Administration	1	1
96227712355667969	10	14	New_York_Jets	/m/05g49	JETS	1	1
96227712355667969	49	64	Santonio_Holmes	/m/0b8819	Santonio Holmes	1	1
96227712355667969	80	83	New_York_Jets	/m/05g49	nyj	1	1
93023640379076609	17	19	Los_Angeles	/m/030qb3t	LA	1	1
97853032653529089	55	64	Australia	/m/0chghy	Australia	1	1
97853032653529089	83	97	Peabody_Energy	/m/09zfjz	Peabody Energy	1	1
97853032653529089	102	111	ArcelorMittal	/m/0f0q_f	ArcelorMi	1	1
92712188497768449	63	68	Japan	/m/03_3d	Japan	1	1
101329150966640641	0	10	Darlington%2c_Indiana	/m/0snwq	Darlington	1	1
94391523868807169	0	7	Verizon_Communications	/m/07_dn	Verizon	1	1
93363101503729664	4	15	Alan_Rusbridger	/m/03y6lf	arusbridger	1	1
93363101503729664	17	31	Rebekah_Brooks	/m/04yx08	Rebekah Brooks	1	1
93363101503729664	37	45	The_Guardian	/m/0cnn5	Guardian	1	1
92654691976085504	23	32	BBC_Radio_1	/m/01d9l	radio one	1	1
101300660988936193	0	11	Tiger_Woods	/m/0bwdn	Tiger Woods	1	1
101300660988936193	56	72	PGA_Championship	/m/01gqlx	PGA Championship	1	1
101300660988936193	80	101	Atlanta_Athletic_Club	/m/09nyn1	Atlanta Athletic Club	1	1
100871916511969280	41	51	Nottingham	/m/09tlh	Nottingham	1	1
93923166950395904	78	87	CNBC-TV18	/m/026r69_	CNBC-TV18	1	1
93071762639699968	0	7	The_Sun_(United_Kingdom)	/m/0b6hk5f	The Sun	1	1
93071762639699968	17	33	The_Sun_(United_Kingdom)	/m/0b6hk5f	www.thesun.co.uk	1	1
93071762639699968	95	109	Rupert_Murdoch	/m/06hrk	Rupert Murdoch	1	1
101940709053042688	0	8	Pakistan	/m/05sb1	Pakistan	1	1
101940709053042688	46	54	Pakistan	/m/05sb1	Pakistan	1	1
92280866566455296	45	54	The_Lion_King_(musical)	/m/0906pq	lion king	1	1
92280866566455296	57	63	The_Walt_Disney_Company	/m/09b3v	Disney	1	1
92705848836628480	35	40	Japan	/m/03_3d	Japan	1	1
92284091642294272	4	31	Confessions_of_a_Shopaholic_(film)	/m/0421x6d	confessions of a shopaholic	1	1
91845119975759872	37	47	Marco_Simoncelli	/m/03cs_m7	Simoncelli	1	1
91845119975759872	68	75	San_Lorenzo%2c_California	/m/0qy0q	Lorenzo	1	1
91845119975759872	80	89	Andrea_Dovizioso	/m/02qs17y	Dovizioso	1	1
92275090007404544	14	28	The_Mail_on_Sunday	/m/03m3svm	Mail on Sunday	1	1
93573938424184832	12	24	Apple_Store	/m/02hwrl	Apple Stores	1	1
93573938424184832	42	47	China	/m/0d05w3	China	1	1
101734277972107264	0	10	Uzbekistan	/m/07t_x	Uzbekistan	1	1
101734277972107264	71	86	Barack_Obama	/m/02mjmr	President Obama	1	1
93314579924393984	0	10	Lamar_Odom	/m/02_nkp	Lamar Odom	1	1
92981004804960256	1	9	Alan_Carr	/m/09qdy_	AlanCarr	1	1
92981004804960256	22	32	Sainsbury%27s	/m/016s7w	Sainsburys	1	1
98888035881586691	22	25	National_Football_League	/m/059yj	NFL	1	1
98888035881586691	31	52	Bubba_Smith	/m/04174b	Charles 'Bubba' Smith	1	1
98888035881586691	59	69	Bubba_Smith	/m/04174b	BubbaSmith	1	1
92916991156957184	0	7	United_Kingdom	/m/07ssc	Britain	1	1
92916991156957184	49	54	Apple_Inc.	/m/0k8z	Apple	1	1
91872307479449600	16	23	Chelsea%2c_Manhattan	/m/018yzb	Chelsea	1	1
91872307479449600	46	49	New_York_City	/m/02_286	NYC	1	1
91872307479449600	72	75	New_York_City	/m/02_286	NYC	1	1
93502515991166976	0	11	Dwyane_Wade	/m/03l295	Dwayne Wade	1	1
93502515991166976	18	23	Texas	/m/07b_l	Texas	1	1
93502515991166976	40	47	Twitter	/m/0289n8t	Twitter	1	1
93502515991166976	74	84	Miami_Heat	/m/0jm2v	Miami Heat	1	1
93502515991166976	85	96	Dwyane_Wade	/m/03l295	Dwayne Wade	1	1
101080446888181760	0	4	Bank_of_America	/m/01yx7f	BofA	1	1
101080446888181760	47	57	Fannie_Mae	/m/01qxf8	Fannie Mae	1	1
91708290513383425	0	7	Twitter	/m/0289n8t	Twitter	1	1
100860202164830208	63	79	Clapham_Junction_railway_station	/m/01nyg4	Clapham Junction	1	1
94181439586828288	0	14	Google_Play	/m/05n02d2	Android Market	1	1
96008818168832001	1	15	The_Washington_Post	/m/0px38	washingtonpost	1	1
96008818168832001	83	92	Indonesia	/m/03ryn	Indonesia	1	1
96008818168832001	98	108	Long_Beach%2c_California	/m/0nbwf	Long Beach	1	1
96008818168832001	110	125	Long_Island	/m/04n3l	Long Island, NY	1	1
101371988911726592	15	23	Barnsley	/m/01fbb3	Barnsley	1	1
101371988911726592	25	34	Doncaster	/m/0144wg	Doncaster	1	1
101371988911726592	36	45	Rotherham	/m/016wrq	Rotherham	1	1
101371988911726592	49	58	Sheffield	/m/0m75g	Sheffield	1	1
92749453886373888	44	61	Autumn%27s_Concerto	/m/09g8xfw	Autumn's concerto	1	1
94829178528075776	35	48	Amy_Winehouse	/m/01pq5j7	Amy Winehouse	1	1
94829178528075776	117	123	Demon	/m/029m8	demons	1	1
95900827423735808	4	6	Hizbul_Mujahideen	/m/063_vc	HM	1	1
95900827423735808	40	48	Kishtwar	/m/0f5813	Kishtwar	1	1
99136380634017792	0	12	Jiangmen	/m/02396c	Chinese City	1	1
99136380634017792	99	111	Jiangmen	/m/02396c	Chinese city	1	1
101668632941178880	5	10	DARPA	/m/02gv2	DARPA	1	1
98743218979618817	91	100	Black_Sea	/m/015h7	Black Sea	1	1
93079975237910529	8	14	Justin_Bieber	/m/06w2sn5	Justin	1	1
94063258499153920	37	48	Piers_Morgan	/m/02pjzn	PiersMorgan	1	1
92628263700148224	65	72	Twitter	/m/0289n8t	twitter	1	1
97815160516919296	43	46	Republican_Party_(United_States)	/m/07wbk	GOP	1	1
102784970023641089	11	17	Manchester_United_F.C.	/m/050fh	United	1	1
102784970023641089	20	23	West_Bromwich_Albion_F.C.	/m/085v7	WBA	1	1
103170022179999745	104	109	Libya	/m/04gqr	Libya	1	1
94209038987952128	11	15	Demi_Lovato	/m/02wb6yq	Demi	1	1
94209038987952128	71	85	September_20	/m/06zzr	September 20th	1	1
94810610474295297	4	17	Amy_Winehouse	/m/01pq5j7	Amy Winehouse	1	1
91970961699647488	4	17	Run%27s_House	/m/08lp9p	AngelaSimmons	1	1
100325515235303424	1	8	London_Borough_of_Enfield	/m/0nccd	Enfield	1	1
100325515235303424	10	18	Edmonton%2c_London	/m/06psyf	Edmonton	1	1
98501052613140480	4	11	CBS_News	/m/01_8w2	CBSNews	1	1
102041478183927808	0	29	Hillary_Rodham_Clinton	/m/0d06m5	US Secretary of State Clinton	1	1
102041478183927808	51	56	Syria	/m/06vbd	Syria	1	1
102041478183927808	85	90	Bashar_al-Assad	/m/01_vwx	Assad	1	1
102041478183927808	93	100	Reuters	/m/0ps53	Reuters	1	1
92033712904093696	108	113	Plato	/m/05qmj	Plato	1	1
92206704678285312	12	16	Carlos_Vela	/m/084xdc	Vela	1	1
100000025580548097	3	8	Intel	/m/03s7h	Intel	1	1
100000025580548097	69	74	Intel	/m/03s7h	Intel	1	1
93081565348892672	12	19	The_Sun_(United_Kingdom)	/m/0b6hk5f	the sun	1	1
93081565348892672	58	65	LulzSec	/m/0gvrvjk	LulzSec	1	1
93081565348892672	66	73	Twitter	/m/0289n8t	twitter	1	1
91950208279252993	74	80	West_Palm_Beach%2c_Florida	/m/0rql_	WPB FL	1	1
93270399021887488	39	41	General_Motors	/m/035nm	GM	1	1
97029301207175169	19	23	New_York_Jets	/m/05g49	Jets	1	1
97029301207175169	53	60	Bart_Scott	/m/0bmjl2	B Scott	1	1
97029301207175169	62	64	Lawrence_Taylor	/m/029q06	LT	1	1
97029301207175169	66	72	Calvin_Pace	/m/0cnv15	C Pace	1	1
97029301207175169	74	88	Brandon_Moore_(guard)	/m/09_7b1	Brandone Moore	1	1
97029301207175169	100	108	Mark_Brunell	/m/032lfz	Brunnell	1	1
97029301207175169	130	138	Nnamdi_Asomugha	/m/0cqjl6	Asomugha	1	1
100130942361939968	19	27	Thailand	/m/07f1x	Thailand	1	1
94933692211920896	22	30	Americans	/m/04q7gbh	American	1	1
93372288518459393	0	14	Rupert_Murdoch	/m/06hrk	Rupert Murdoch	1	1
92508560365334528	27	34	Madonna_(entertainer)	/m/01vs_v8	Madonna	1	1
92508560365334528	130	139	Lady_Gaga	/m/0478__m	Lady Gaga	1	1
92689105703550976	83	93	The_Apprentice_(UK_TV_series)	/m/0652_v	apprentice	1	1
92929314009522176	63	69	Philadelphia	/m/0dclg	Philly	1	1
92929314009522176	97	99	Long_Island	/m/04n3l	LI	1	1
92929314009522176	103	108	Texas	/m/07b_l	Texas	1	1
91653243159064577	1	9	Lady_Gaga	/m/0478__m	ladygaga	1	1
91653243159064577	10	24	Lady_Gaga	/m/0478__m	Mother Monster	1	1
91653243159064577	65	70	Japan	/m/03_3d	Japan	1	1
91797766837252097	9	23	Rebekah_Brooks	/m/04yx08	Rebekah Brooks	1	1
91797766837252097	110	122	Ground_Force	/m/02kv3p	Ground Force	1	1
97733882346078208	0	15	Manchester_City_F.C.	/m/01634x	Manchester City	1	1
97733882346078208	29	40	Inter_Milan	/m/03x6m	Inter Milan	1	1
91649388589494272	12	36	SAE_Institute	/m/04w5s0	Audio Production Schools	1	1
100901337633521664	0	12	The_Guardian	/m/0cnn5	The Guardian	1	1
100901337633521664	36	40	PIAS_Entertainment_Group	/m/04y6z6z	Pias	1	1
91868267022532608	37	43	Canada	/m/0d060g	Canada	1	1
91868267022532608	61	70	Ottawa_Bluesfest	/m/03965p	Bluesfest	1	1
92392664636469248	49	58	Babe_Ruth	/m/01bss	Babe Ruth	1	1
91900145075105793	4	18	Andy_Borowitz	/m/0417qk	borowitzreport	1	1
91900145075105793	118	127	Bangalore	/m/09c17	Bangalore	1	1
102486506131824641	67	77	Birmingham	/m/0k33p	Birmingham	1	1
97476128305979392	0	6	Ubaldo_Jim%c3%a9nez	/m/0f3qjy	Ubaldo	1	1
96369935135158272	87	96	Hong_Kong	/m/03h64	Hong Kong	1	1
96208102097031168	0	11	Southampton	/m/0grd7	Southampton	1	1
96455331181375488	14	33	Maruti_Suzuki	/m/042ggk	Maruti Suzuki India	1	1
92706091976237056	37	42	United_States_women%27s_national_soccer_team	/m/02_b7d	USWNT	1	1
92706091976237056	88	93	Japan	/m/03_3d	Japan	1	1
92706091976237056	103	112	FIFA_Women%27s_World_Cup	/m/01kglk	World Cup	1	1
99510126662254594	0	14	Neil_Armstrong	/m/05b6w	Neil Armstrong	1	1
91991421518757888	0	7	Alabama	/m/0gyh	Alabama	1	1
91991421518757888	65	69	Chicago_Cubs	/m/01yjl	Cubs	1	1
91991421518757888	89	96	Alabama	/m/0gyh	Alabama	1	1
91961808604237824	80	85	Lenny_Kravitz	/m/0161sp	Lenny	1	1
92481778706690048	0	5	MBLAQ	/m/080p4d3	MBLAQ	1	1
100660000099282944	42	49	Croydon	/m/02gw_w	Croydon	1	1
96178288992587776	29	37	Broadway_theatre	/m/035y8z	Broadway	1	1
92706915892731904	6	15	FIFA_Women%27s_World_Cup	/m/01kglk	World Cup	1	1
91899271946846208	0	11	Mark_Hoppus	/m/0191cq	Mark Hoppus	1	1
91899271946846208	20	29	Blink-182	/m/0120rz	Blink-182	1	1
92637021591453699	108	117	J._K._Rowling	/m/042xh	JKRowling	1	1
100663944821215232	0	10	Metropolitan_Police_Service	/m/01bb7n	Met Police	1	1
94480845791956993	18	20	Associated_Press	/m/0cv_2	AP	1	1
94480845791956993	49	55	Norway	/m/05b4w	Norway	1	1
94480845791956993	97	101	Oslo	/m/05l64	Oslo	1	1
92020245019099136	6	10	Noah	/m/05fzm	Noah	1	1
92268098018754560	22	27	Harry_Potter_(character)	/m/03647x	Harry	1	1
92268098018754560	29	32	Ron_Weasley	/m/0c8jw	Ron	1	1
92268098018754560	37	45	Hermione_Granger	/m/0c8kc	Hermione	1	1
92268098018754560	67	73	Rubeus_Hagrid	/m/0d8g5	Hagrid	1	1
102784871444918273	0	2	Associated_Press	/m/0cv_2	AP	1	1
102784871444918273	57	59	Associated_Press	/m/0cv_2	AP	1	1
102784871444918273	62	64	Associated_Press	/m/0cv_2	AP	1	1
102784871444918273	81	93	Andrew_Cuomo	/m/02pjpd	Andrew Cuomo	1	1
92876105060581376	34	36	United_Kingdom	/m/07ssc	UK	1	1
92876105060581376	65	84	Ministry_of_Housing_and_Local_Government	/m/09ll1h	UK Housing Minister	1	1
92876105060581376	85	97	Grant_Shapps	/m/062pg_	Grant Shapps	1	1
95235611476234240	27	33	Luis_Su%c3%a1rez	/m/026f4lr	Suarez	1	1
95235611476234240	44	50	Diego_Forl%c3%a1n	/m/03g66x	Forlan	1	1
95235611476234240	91	102	Luis_Su%c3%a1rez	/m/026f4lr	Luis Suarez	1	1
91947683299852288	0	4	TSMC	/m/02clqq	TSMC	1	1
101739359849562112	28	37	Rick_Perry	/m/02nlj_	RickPerry	1	1
101739359849562112	45	52	Fox_News_Channel	/m/02z_b	FoxNews	1	1
101739359849562112	70	75	Texas	/m/07b_l	Texas	1	1
101739359849562112	96	99	Republican_Party_(United_States)	/m/07wbk	GOP	1	1
101739359849562112	119	132	Rick_Perry	/m/02nlj_	GovernorPerry	1	1
103041969965645824	0	13	Ars%c3%a8ne_Wenger	/m/01gjbw	Arsène Wenger	1	1
101654556852748288	22	31	Liverpool_F.C.	/m/04ltf	Liverpool	1	1
101654556852748288	45	55	Sunderland_A.F.C.	/m/0196bp	Sunderland	1	1
101654556852748288	59	66	Anfield	/m/0187zr	Anfield	1	1
101044028170174466	30	51	Sheffield_City_Centre	/m/0dqhtv	Sheffield city centre	1	1
101044028170174466	98	113	South_Yorkshire	/m/0n048	South Yorkshire	1	1
93050424524935168	0	12	Chuck_Norris	/m/015lhm	Chuck Norris	1	1
93050424524935168	34	38	Stan_Lee	/m/079vf	Stan	1	1
94593937909616640	28	34	Norway	/m/05b4w	Norway	1	1
97092676620533761	18	26	Nnamdi_Asomugha	/m/0cqjl6	Asomugha	1	1
97092676620533761	33	45	Philadelphia_Eagles	/m/05tg3	Philadelphia	1	1
97092676620533761	71	79	Pro_Bowl	/m/01p38d	Pro Bowl	1	1
97092676620533761	91	113	Dominique_Rodgers-Cromartie	/m/03mbzg0	Dominique Rodgers-Crom	1	1
102065579078332417	20	45	Mark_Ciavarella	/m/05q656y	Judge Mark Ciavarella, Jr	1	1
99901778170101760	24	34	Providence_Bruins	/m/04l590	Providence	1	1
99901778170101760	53	62	Worcester_Sharks	/m/09s38f	Worcester	1	1
92794355353530370	63	69	Brazil	/m/015fr	Brazil	1	1
100704090522271744	28	36	Dartford	/m/04hpw6	Dartford	1	1
100704090522271744	118	120	Facebook	/m/02y1vz	FB	1	1
100704090522271744	132	139	Twitter	/m/0289n8t	Twitter	1	1
100375503868923904	0	6	Philadelphia_Eagles	/m/05tg3	Eagles	1	1
100375503868923904	10	24	DeSean_Jackson	/m/027dqmw	DeSean Jackson	1	1
100375503868923904	36	70	Philadelphia_International_Airport	/m/01mz5z	Philadelphia International Airport	1	1
100375503868923904	119	133	Drew_Rosenhaus	/m/06dk0p	Drew Rosenhaus	1	1
92201997121499136	98	102	Winnie-the-Pooh	/m/082kw	Pooh	1	1
92740682158047232	0	5	Apple_Inc.	/m/0k8z	Apple	1	1
93052450197606400	23	35	Thor_Hushovd	/m/03c26j	thor hushovd	1	1
98924387897585664	24	32	Scotland	/m/06q1r	Scotland	1	1
92168102359474176	1	12	Ashraf_Ghori	/m/0h3s2c6	AshrafGhori	1	1
94818150943686657	71	74	Amy_Winehouse	/m/01pq5j7	Amy	1	1
97668537476317184	12	27	Plaxico_Burress	/m/047j_j	Plaxico Burress	1	1
97668537476317184	123	127	New_York_Jets	/m/05g49	Jets	1	1
91850107737227265	0	5	Jesus	/m/045m1_	Jesus	1	1
91850107737227265	68	71	God	/m/0d05l6	God	1	1
91853498135752704	114	121	Ontario	/m/05kr_	Ontario	1	1
94934958866579456	34	40	Nancy_Pelosi	/m/012v1t	Pelosi	1	1
99226394587971585	0	5	Apple_Inc.	/m/0k8z	Apple	1	1
99226394587971585	15	20	Xcode	/m/01z_14	Xcode	1	1
99226394587971585	108	113	Apple_Inc.	/m/0k8z	apple	1	1
91946592923430912	28	32	WERK	/m/047b4vb	WERK	1	1
101478195630587904	0	12	Harry_Potter_(film_series)	/m/02676m4	HARRY POTTER	1	1
101478195630587904	22	33	David_Yates	/m/06_n1_	David Yates	1	1
101478195630587904	51	63	Steve_Kloves	/m/06_pw0	Steve Kloves	1	1
96276255372091392	10	19	Santander_Group	/m/07swyp	Santander	1	1
96276255372091392	25	27	United_Kingdom	/m/07ssc	UK	1	1
96956789559537665	0	20	Republican_Party_(United_States)	/m/07wbk	US House Republicans	1	1
96956789559537665	79	116	David_Dreier	/m/024thx	House Rules Committee Chairman Dreier	1	1
92239380411981825	32	37	Jesus	/m/045m1_	Jesus	1	1
93286712310120448	0	13	Pep_Guardiola	/m/07958_	Pep Guardiola	1	1
93286712310120448	20	27	Arsenal_F.C.	/m/0xbm	Arsenal	1	1
93286712310120448	56	69	Cesc_F%c3%a0bregas	/m/03tb61	Cesc Fabregas	1	1
93286712310120448	74	77	FC_Barcelona	/m/0hvgt	FCB	1	1
93286712310120448	79	82	Arsenal_F.C.	/m/0xbm	afc	1	1
93286712310120448	106	113	Arsenal_F.C.	/m/0xbm	gunners	1	1
93286712310120448	120	137	Sky_Sports	/m/04yg0g	www.skysports.com	1	1
100662459853053952	41	48	Croydon	/m/02gw_w	Croydon	1	1
99204286419968000	21	24	Federal_Aviation_Administration	/m/02_hj	FAA	1	1
94828031247515648	13	26	Amy_Winehouse	/m/01pq5j7	Amy WineHouse	1	1
94828031247515648	41	47	London	/m/04jpl	London	1	1
95430079714299904	4	17	Sky_Sports_News	/m/02t2mz	SkySportsNews	1	1
95430079714299904	19	30	Aston_Villa_F.C.	/m/0bl8l	Aston Villa	1	1
95430079714299904	58	63	Wigan_Athletic_F.C.	/m/02029f	Wigan	1	1
95430079714299904	79	95	Charles_N%27Zogbia	/m/07jh39	Charles N'zogbia	1	1
95430079714299904	115	118	Sky_Sports_News	/m/02t2mz	SSN	1	1
92980315181686784	1	13	One_Direction	/m/0fqqnpw	onedirection	1	1
96402182710104065	3	13	Air_Canada	/m/012j50	Air Canada	1	1
96402182710104065	42	49	Toronto	/m/0h7h6	Toronto	1	1
96402182710104065	71	88	Sydney	/m/06y57	Sydney, Australia	1	1
93081322750353408	0	12	The_Sun_(United_Kingdom)	/m/0b6hk5f	TheSun.co.uk	1	1
93081322750353408	34	41	Twitter	/m/0289n8t	twitter	1	1
93081322750353408	85	92	The_Sun_(United_Kingdom)	/m/0b6hk5f	The Sun	1	1
98694351315664896	6	10	Arab_world	/m/0150_4	Arab	1	1
98694351315664896	18	25	Hosni_Mubarak	/m/0dnps	Mubarak	1	1
92043992925077505	102	106	FXCM	/m/0by71l	FXCM	1	1
102164276579536896	12	25	Wayne_Gretzky	/m/0839s	Wayne Gretzky	1	1
92586488394563584	34	46	Lucas_Glover	/m/0d5s4l	Lucas Glover	1	1
91804404180725760	27	41	Pee-wee_Herman	/m/02p2b0f	pee wee Herman	1	1
92246588633780226	1	9	John_Cena	/m/01ypx5	johncena	1	1
92246588633780226	44	47	WWE	/m/0gy1_	WWE	1	1
92246588633780226	91	100	Owen_Hart	/m/0d1b8_	Owen Hart	1	1
99350755709956096	36	56	University_of_Ulster	/m/02bhqz	University of Ulster	1	1
100338505523281920	49	59	Walthamstow	/m/0ncpl	Wathamstow	1	1
100338505523281920	62	74	Palmers_Green	/m/0nbs3	PalmersGreen	1	1
100338505523281920	77	84	London_Borough_of_Enfield	/m/0nccd	Enfield	1	1
100338505523281920	87	97	Ponders_End	/m/0db7b4	PondersEnd	1	1
100338505523281920	100	110	Earlsfield	/m/03dvk6	Earlsfield	1	1
100338505523281920	116	125	Westfield_London	/m/026w4pn	Westfield	1	1
94454436155494400	14	17	NRK	/m/01cfvm	NRK	1	1
92710465171505153	11	15	Los_Angeles	/m/030qb3t	L.A.	1	1
92710465171505153	80	83	God	/m/0d05l6	God	1	1
92710465171505153	87	96	Hollywood	/m/0f2wj	Hollywood	1	1
92180067911868417	74	84	Gerard_Way	/m/03f40p0	Gerard Way	1	1
96992650850344961	18	35	Windows_Phone_7	/m/0nfwwyt	Windows Phone 7.5	1	1
100998100411363329	30	40	Manchester	/m/052bw	Manchester	1	1
97129896891006976	15	25	Khap_(film)	/m/0h51pqn	khap movie	1	1
97129896891006976	61	65	Khap_(film)	/m/0h51pqn	Khap	1	1
92504145797451777	0	7	Brooke_Mueller	/m/0gg681p	Mueller	1	1
92504145797451777	13	28	Mexico	/m/0b90_r	South of Border	1	1
95645142622539776	0	9	Capgemini	/m/03vlk0	Capgemini	1	1
95645142622539776	19	34	Windows_Azure	/m/04y7lrx	Microsoft Azure	1	1
95645142622539776	59	65	Mumbai	/m/04vmp	Mumbai	1	1
95645142622539776	67	76	Capgemini	/m/03vlk0	Capgemini	1	1
95645142622539776	81	90	Microsoft	/m/04sv4	Microsoft	1	1
102796460789211136	71	89	Indiana_State_Fair	/m/04shkp	Indiana State Fair	1	1
93967144450138112	0	9	Microsoft	/m/04sv4	Microsoft	1	1
101432724321091584	58	84	Charleston%2c_South_Carolina	/m/0gkgp	CHARLESTON, South Carolina	1	1
101432724321091584	86	93	Reuters	/m/0ps53	Reuters	1	1
97458359346806784	4	11	New_York_Yankees	/m/0cqt41	Yankees	1	1
94153790718099456	1	5	Visa_Inc.	/m/01kqjn	Visa	1	1
94153790718099456	8	18	MasterCard	/m/021b7r	Mastercard	1	1
94153790718099456	21	25	American_Stock_Exchange	/m/0q6y	AMEX	1	1
94153790718099456	33	39	PayPal	/m/01btsf	PayPal	1	1
94153790718099456	120	124	EBay	/m/0z90c	eBay	1	1
94153790718099456	131	138	John_Donahoe	/m/026y0qv	Donahoe	1	1
94820869603471360	4	17	Amy_Winehouse	/m/01pq5j7	Amy Winehouse	1	1
91986216400076800	52	62	Washington%2c_D.C.	/m/0rh6k	Washington	1	1
100734049731096578	83	88	Italy	/m/03rjj	Italy	1	1
100734049731096578	93	98	Spain	/m/06mkj	Spain	1	1
93080394370519040	15	34	Daily_Mail	/m/0180v2	www.dailymail.co.uk	1	1
92625159864856577	31	40	Mac_OS_X_Lion	/m/0dr_08g	OS X Lion	1	1
92625159864856577	70	75	World	/m/09nm_	World	1	1
92955019615272961	33	36	Epistle_to_the_Ephesians	/m/02pg7	Eph	1	1
99147499725529088	34	47	Southern_United_States	/m/018hmm	southern U.S.	1	1
91925590256525312	58	69	Pootie_Tang	/m/04hlzh	Pootie Tang	1	1
94441232654278656	0	13	Cesc_F%c3%a0bregas	/m/03tb61	Cesc Fabregas	1	1
94441232654278656	84	91	Germany	/m/0345h	Germany	1	1
93348468701151232	0	7	Rupert_Murdoch	/m/06hrk	Murdoch	1	1
93348468701151232	40	45	Wendi_Deng_Murdoch	/m/04qdky	Wendi	1	1
94823264559431683	15	28	Amy_Winehouse	/m/01pq5j7	Amy Winehouse	1	1
97070990114308097	13	20	John_Boehner	/m/039rwf	Boehner	1	1
102352338030837761	15	24	Tampa_Bay_Rowdies	/m/04cr_r_	Tampa Bay	1	1
102352338030837761	26	29	Premier_League	/m/02_tc	EPL	1	1
102352338030837761	64	73	Liverpool_F.C.	/m/04ltf	Liverpool	1	1
92812416949297152	11	14	God	/m/0d05l6	God	1	1
95103154651275264	19	23	Oslo	/m/05l64	OSLO	1	1
95103154651275264	99	106	Reuters	/m/0ps53	REUTERS	1	1
92787340803715072	10	20	Miley_Cyrus	/m/0bdxs5	MileyCyrus	1	1
92787340803715072	24	48	Teen_Choice_Awards	/m/056p05	www.teenchoiceawards.com	1	1
96976835820269568	0	17	Willis_McGahee	/m/04lgz0	RB Willis McGahee	1	1
96976835820269568	41	47	Denver_Broncos	/m/0289q	Denver	1	1
92398639233777664	22	34	Janelle_Mon%c3%a1e	/m/0gktwr	JanelleMonae	1	1
92398639233777664	54	60	Brazil	/m/015fr	Brazil	1	1
92398639233777664	87	98	Rock_in_Rio	/m/04r7h6	Rock in Rio	1	1
93412082602622976	4	15	LulzSec	/m/0gvrvjk	Louise boat	1	1
93412082602622976	22	30	Sky_News	/m/01fp7c	Sky news	1	1
93412082602622976	73	80	LulzSec	/m/0gvrvjk	lulzsec	1	1
93412082602622976	82	88	The_Sun_(United_Kingdom)	/m/0b6hk5f	thesun	1	1
94201131856707584	18	21	Federal_Aviation_Administration	/m/02_hj	FAA	1	1
91796115715919873	0	14	Rebekah_Brooks	/m/04yx08	Rebekah Brooks	1	1
100994783358631936	0	5	Apple_Inc.	/m/0k8z	Apple	1	1
100994783358631936	39	44	ExxonMobil	/m/02s6x	Exxon	1	1
95951788217352193	0	3	United_States_Environmental_Protection_Agency	/m/0g0lh	EPA	1	1
94115609981358080	0	13	James_Murdoch	/m/028vx9	James Murdoch	1	1
94115609981358080	54	76	James_Murdoch	/m/028vx9	chairman James Murdoch	1	1
92683762680344576	1	5	Cincinnati_Reds	/m/01ypc	Reds	1	1
92683762680344576	15	22	Francisco_Cordero	/m/075qh1	Cordero	1	1
92683762680344576	31	37	Albert_Pujols	/m/035gcb	Pujols	1	1
92683762680344576	39	47	Bug_Holliday	/m/026dcv2	Holliday	1	1
92683762680344576	52	59	Alexander_Berkman	/m/026cgd	Berkman	1	1
92719143492648960	13	17	IPod	/m/0mcx2	iPod	1	1
101107456050073601	55	66	Wall_Street	/m/09937	Wall Street	1	1
101107456050073601	93	109	Occupy_Wall_Street	/m/0h63jfq	OCCUPYWALLSTREET	1	1
100978916554047488	28	41	Wolverhampton	/m/0k5p1	Wolverhampton	1	1
100978916554047488	43	56	West_Bromwich	/m/01n244	West Bromwich	1	1
100978916554047488	61	83	Birmingham_City_Centre	/m/03hkcc3	Birmingham city centre	1	1
101224656564006913	0	15	Bank_of_England	/m/01fnc	Bank of England	1	1
94523757728776192	16	32	Winklevoss_twins	/m/0gvtvc1	Winklevoss twins	1	1
94523757728776192	42	50	Facebook	/m/02y1vz	Facebook	1	1
94523757728776192	71	77	Boston	/m/01cx_	Boston	1	1
101721523118813184	0	7	Seattle	/m/0d9jr	Seattle	1	1
101721523118813184	52	63	J._P._Morgan	/m/018tj4	J.P. Morgan	1	1
102411357508485122	22	28	Manchester_United_F.C.	/m/050fh	United	1	1
102411357508485122	38	47	Wes_Brown	/m/03ph40	Wes Brown	1	1
102411357508485122	73	80	Anfield	/m/0187zr	Anfield	1	1
92665834954178560	18	21	Rio_de_Janeiro	/m/06gmr	rio	1	1
100966801382440960	22	34	Amy_Anderson_(comedian)	/m/0gysc89	Amy Anderson	1	1
99994149322883072	0	12	Warren_Jeffs	/m/02pk4q	Warren Jeffs	1	1
97016893931667456	0	5	Apple_Inc.	/m/0k8z	Apple	1	1
97016893931667456	29	47	Federal_government_of_the_United_States	/m/01bqks	federal government	1	1
97016893931667456	63	74	Yahoo!_News	/m/05bd08	Yahoo! News	1	1
97016893931667456	100	109	Yahoo!_News	/m/05bd08	YahooNews	1	1
96404114954661888	8	18	Air_Canada	/m/012j50	Air Canada	1	1
98291102519537664	0	5	Nokia	/m/05b5c	Nokia	1	1
98291102519537664	10	19	Microsoft	/m/04sv4	Microsoft	1	1
93734032189304832	26	34	Medicare_(United_States)	/m/0fzh9	Medicare	1	1
101020544421478400	14	23	Leicester	/m/0dhdp	Leicester	1	1
93808293348257792	22	28	Oregon	/m/05kj_	Oregon	1	1
102721713611091968	52	64	Josh_Reddick	/m/05f4cq3	Josh Reddick	1	1
102721713611091968	79	86	Boston_Red_Sox	/m/01d5z	Red Sox	1	1
102721713611091968	98	106	Seattle_Mariners	/m/06wpc	Mariners	1	1
92856534454906880	0	8	International_Court_of_Justice	/m/03vls	UN court	1	1
92856534454906880	43	46	International_Court_of_Justice	/m/03vls	ICJ	1	1
92856534454906880	62	70	Cambodia	/m/01xbgx	Cambodia	1	1
92856534454906880	85	93	Thailand	/m/07f1x	Thailand	1	1
91928522565754880	78	81	Epistle_to_the_Hebrews	/m/02pmr	Heb	1	1
95056222239211520	0	9	Liverpool	/m/04lh6	Liverpool	1	1
95056222239211520	12	26	Steven_Gerrard	/m/02nt4l	Steven Gerrard	1	1
97748876177575937	0	5	Apple_Inc.	/m/0k8z	Apple	1	1
97748876177575937	25	38	Federal_government_of_the_United_States	/m/01bqks	US government	1	1
93800424825565184	27	29	New_Mexico	/m/05fjy	NM	1	1
93800424825565184	46	48	Associated_Press	/m/0cv_2	ap	1	1
93800424825565184	57	72	Albuquerque%2c_New_Mexico	/m/0djd3	ALBUQUERQUE, NM	1	1
93800424825565184	75	86	Albuquerque%2c_New_Mexico	/m/0djd3	Albuquerque	1	1
101029769130414081	76	86	Wood_Green	/m/0nc72	Wood Green	1	1
101029769130414081	122	129	London_Borough_of_Enfield	/m/0nccd	Enfield	1	1
101029769130414081	131	140	Woodgreen	/m/04czfw3	Woodgreen	1	1
97311289960968192	0	9	Thomas_Vermaelen	/m/0f6j9x	Vermaelen	1	1
97311289960968192	11	19	Wojciech_Szcz%c4%99sny	/m/07kg187	Szczesny	1	1
97311289960968192	24	31	Tom%c3%a1%c5%a1_Rosick%c3%bd	/m/036z5k	Rosicky	1	1
97311289960968192	65	83	New_York_Red_Bulls	/m/0bxjpy	New York Red Bulls	1	1
97311289960968192	98	104	Ars%c3%a8ne_Wenger	/m/01gjbw	Wenger	1	1
93068195799371776	14	18	Joey_Tribbiani	/m/01xh37	Joey	1	1
93068195799371776	23	31	Chandler_Bing	/m/03fbx5	Chandler	1	1
93068195799371776	41	46	Tulsa%2c_Oklahoma	/m/013kcv	Tulsa	1	1
96190924983508992	23	29	PayPal	/m/01btsf	PayPal	1	1
96190924983508992	68	77	WikiLeaks	/m/027m_21	WikiLeaks	1	1
96190924983508992	101	109	PayPal	/m/01btsf	OpPaypal	1	1
91668120376315904	23	29	Tumblr	/m/05pdgbz	tumblr	1	1
100653917553164288	10	17	Cardiff	/m/01s3v	Cardiff	1	1
96575772726263809	0	8	Marouane_Fellaini	/m/025x3wr	Fellaini	1	1
96575772726263809	90	93	Everton_F.C.	/m/0mmd6	EFC	1	1
96836366918352896	0	7	Jiuquan	/m/052yrk	Jiuquan	1	1
96836366918352896	10	15	China	/m/0d05w3	China	1	1
96836366918352896	51	59	CBS_News	/m/01_8w2	CBS News	1	1
92433257878134784	38	41	Harry_Potter_and_the_Deathly_Hallows_%e2%80%93_Part_2	/m/0gvsynb	dh2	1	1
92784400827289601	84	93	San_Diego	/m/071vr	San Diego	1	1
92468980765306881	0	12	Justin_Bieber	/m/06w2sn5	Bieber Fever	1	1
92468980765306881	26	39	Justin_Bieber	/m/06w2sn5	Justin Bieber	1	1
100660375749529600	38	47	Anonymous_(group)	/m/03nr1np	Anonymous	1	1
100660375749529600	111	123	The_Next_Web	/m/0h7njwd	TheNextWebME	1	1
92646676661141504	47	51	Rodney_King	/m/016kyn	King	1	1
92289190707990528	1	10	Metropolitan_Police_Service	/m/01bb7n	MetPolice	1	1
92289190707990528	17	32	Paul_Stephenson_(police_officer)	/m/0c53qn	Paul Stephenson	1	1
92289190707990528	65	68	Metropolitan_Police_Service	/m/01bb7n	Met	1	1
92289190707990528	83	86	News_of_the_World	/m/01hjf3	NoW	1	1
92289190707990528	117	123	Neil_Wallis	/m/07kg980	Wallis	1	1
100913412317523969	4	11	England	/m/02jx1	England	1	1
100913412317523969	78	85	Fran%c3%a7ois_Hollande	/m/02qg4z	Holland	1	1
94845125288665088	1	14	Amy_Winehouse	/m/01pq5j7	Amy Winehouse	1	1
94845125288665088	46	55	Facebook	/m/02y1vz	Facebook.	1	1
91987850437988352	20	32	Austin_Mahone	/m/0hr9rgd	AustinMahone	1	1
91987850437988352	36	43	Ustream	/m/03hh4py	Ustream	1	1
100658108661112832	97	103	NASDAQ	/m/05dq_	Nasdaq	1	1
100632770598027265	0	13	David_Cameron	/m/0266lb	David Cameron	1	1
100632770598027265	35	41	Africa	/m/0dg3n1	Africa	1	1
100632770598027265	71	83	Andy_Coulson	/m/02p7r5h	Andy Coulson	1	1
93672807057203201	0	8	DeMaurice_Smith	/m/05lgqbg	De Smith	1	1
93672807057203201	25	29	National_Football_League_Players_Association	/m/030g6d	NFPA	1	1
93672807057203201	66	73	Roger_Goodell	/m/0f_yml	Goodell	1	1
92446791315890176	0	3	God	/m/0d05l6	GOD	1	1
100644104689557505	9	11	United_Kingdom	/m/07ssc	UK	1	1
102923598414622720	0	8	CKWX	/m/0bkpsp	News1130	1	1
102923598414622720	88	95	Kelowna	/m/01gb_7	Kelowna	1	1
91904788148654080	0	12	Henry_George	/m/012102	Henry George	1	1
101371723798151169	126	130	Cesc_F%c3%a0bregas	/m/03tb61	Cesc	1	1
98267224351055872	66	71	Intel	/m/03s7h	Intel	1	1
91779272523517953	0	43	Harry_Potter_and_the_Deathly_Hallows_%e2%80%93_Part_2	/m/0gvsynb	Harry Potter and the Deathly Hallows part 2	1	1
97827522871443457	21	35	Lebanon_Valley	/m/05c2zc3	Lebanon Valley	1	1
97827522871443457	72	83	Steve_Hough	/m/01w0r9m	Steve Hough	1	1
91962882371235840	118	122	Newcastle_United_F.C.	/m/0fvly	NUFC	1	1
93960668197289984	0	21	SSE_plc	/m/026pwms	Scottish and Southern	1	1
93960668197289984	67	81	Scottish_Power	/m/035s5x	Scottish Power	1	1
93960668197289984	86	97	British_Gas_plc	/m/0ll0pqg	British Gas	1	1
92274776369926144	0	6	Rupert_Grint	/m/014xzx	Rupert	1	1
92274776369926144	38	49	Ron_Weasley	/m/0c8jw	Ron Weasley	1	1
92274776369926144	68	74	Daniel_Radcliffe	/m/013_vh	Daniel	1	1
92274776369926144	104	109	Harry_Potter_(character)	/m/03647x	Harry	1	1
94401229060452354	43	55	South_Africa	/m/0hzlz	South Africa	1	1
102875807608881152	31	51	Dominican_Day_Parade	/m/02rln_v	Dominican Day Parade	1	1
102580796497461248	40	58	Indiana_State_Fair	/m/04shkp	Indiana State Fair	1	1
102580796497461248	65	74	Sugarland	/m/038h5h	SugarLand	1	1
100902012501229568	99	106	Croydon	/m/02gw_w	Croydon	1	1
91904310308384770	102	110	A._W._Tozer	/m/0496k1	AW Tozer	1	1
91628739892490240	17	34	Harry_Potter_and_the_Half-Blood_Prince	/m/06_rf9	Half-Blood Prince	1	1
91628739892490240	39	66	Harry_Potter_and_the_Chamber_of_Secrets	/m/015pln	The Prisoner of the Chamber	1	1
100872149539106816	13	21	BBC_News_(TV_channel)	/m/01gw2	BBC news	1	1
100872149539106816	27	40	David_Cameron	/m/0266lb	David Cameron	1	1
99417126347087872	0	6	FC_Bayern_Munich	/m/0175rc	Bayern	1	1
99417126347087872	11	19	Borussia_Dortmund	/m/01w_d6	Dortmund	1	1
99417126347087872	69	82	FC_Bayern_Munich	/m/0175rc	Bayern Munich	1	1
99417126347087872	87	104	Borussia_Dortmund	/m/01w_d6	Borussia Dortmund	1	1
100766029856260097	1	12	Harry_Potter_(film_series)	/m/02676m4	HarryPotter	1	1
100766029856260097	26	30	Television_Critics_Association	/m/072717	TCAs	1	1
100766029856260097	55	68	Daniel_Radcliffe	/m/013_vh	Dan Radcliffe	1	1
100766029856260097	71	79	Emma_Watson	/m/0134w7	EmWatson	1	1
100766029856260097	82	91	Tom_Felton	/m/01pg33	TomFelton	1	1
91744980091150337	1	6	Pablo_Sandoval	/m/04gn4dh	Panda	1	1
91744980091150337	10	22	Nate_Schierholtz	/m/02vm9q3	NateTheGreat	1	1
91744980091150337	26	35	Aubrey_Huff	/m/02lqkv	HuffDaddy	1	1
91744980091150337	66	74	San_Francisco_Giants	/m/0713r	SFGiants	1	1
93147699544723457	5	12	Twitter	/m/0289n8t	Twitter	1	1
95236847910912000	0	15	Bank_of_America	/m/01yx7f	Bank of America	1	1
91911670112329728	47	50	The_New_York_Times	/m/07k2d	nyt	1	1
91911670112329728	122	126	CNBC	/m/01gl9g	cnbc	1	1
96677269535334400	48	61	Amy_Winehouse	/m/01pq5j7	Amy Winehouse	1	1
97457198254407681	0	7	Arsenal_F.C.	/m/0xbm	Arsenal	1	1
97457198254407681	15	28	Cesc_F%c3%a0bregas	/m/03tb61	Cesc Fabregas	1	1
97457198254407681	74	81	Arsenal_F.C.	/m/0xbm	Arsenal	1	1
97457198254407681	112	121	FC_Barcelona	/m/0hvgt	Barcelona	1	1
97457198254407681	128	134	Daily_Mirror	/m/01j78g	mirror	1	1
100731015894540288	25	32	Bahrain	/m/0161c	Bahrain	1	1
92737084858707968	7	13	Tumblr	/m/05pdgbz	tumblr	1	1
98298979716055040	0	5	Harry_Potter_and_the_Deathly_Hallows_%e2%80%93_Part_2	/m/0gvsynb	HP7.2	1	1
92866765834567680	9	18	Coca-Cola	/m/01yvs	Coca-Cola	1	1
98317526647316480	96	103	J%c5%abrmala	/m/016mjk	Jurmala	1	1
99106033695342593	10	25	Raila_Odinga	/m/08cggg	PM Raila Odinga	1	1
93030685073350656	0	12	Harry_Potter_(film_series)	/m/02676m4	Harry Potter	1	1
93030685073350656	66	74	Twilight_(2008_film)	/m/03nm_fh	Twilight	1	1
93030685073350656	99	108	Robert_Pattinson	/m/062dn7	Pattinson	1	1
92540726604349440	31	38	Vietnam	/m/01crd5	VIETNAM	1	1
92540726604349440	124	131	Jakarta	/m/044rv	JAKARTA	1	1
92540726604349440	133	139	Taipei	/m/0ftkx	TAIPEI	1	1
101874095125307393	0	3	Pakistan_Peoples_Party	/m/024tv_	PPP	1	1
101874095125307393	41	43	Pakistan	/m/05sb1	PA	1	1
92911563723386880	100	112	Justin_Bieber	/m/06w2sn5	justinbieber	1	1
100887955517882368	57	65	New_York	/m/059rby	new york	1	1
98034371264655360	0	9	J%c3%bcrgen_Klinsmann	/m/02ljlh	Klinsmann	1	1
98034371264655360	129	134	United_States_men%27s_national_soccer_team	/m/02s9vc	USMNT	1	1
93165074721677312	0	20	1017_Brick_Squad_Records	/m/0gty36d	Brick Squad Monopoly	1	1
92675273430024192	4	15	David_Corn	/m/04b1qp	DavidCornDC	1	1
92353415123968000	46	53	Twitter	/m/0289n8t	twitter	1	1
97027268685213696	40	51	Nate_Irving	/m/0g547g7	Nate Irving	1	1
99545215618129921	20	50	Rise_of_the_Planet_of_the_Apes	/m/0btyf5z	Rise of the Planet of the Apes	1	1
92251280705204224	55	63	Scrabble	/m/06ynv	Scrabble	1	1
93165092149006336	126	131	Earth	/m/02j71	earth	1	1
89508006265487360	63	67	Wi-Fi	/m/0h4d9	WiFi	1	1
95282888987262976	0	5	China	/m/0d05w3	China	1	1
96116890295992320	12	17	Wazzin	/m/05my2r9	Wazin	1	1
96116890295992320	18	23	Dehiba	/m/0b6jljl	Dhiba	1	1
96116890295992320	93	109	Nafusa_Mountains	/m/026db4r	Nafousa mountain	1	1
96116890295992320	131	136	Libya	/m/04gqr	libya	1	1
91652237725663232	23	30	Twitter	/m/0289n8t	Twitter	1	1
99144320430518274	26	32	Gr%c3%aamio_Foot-Ball_Porto_Alegrense	/m/019m51	Gremio	1	1
94930009613017089	5	14	Americans	/m/04q7gbh	Americans	1	1
94930009613017089	30	38	Facebook	/m/02y1vz	Facebook	1	1
94930009613017089	85	94	Americans	/m/04q7gbh	Americans	1	1
92658550811267072	17	31	The_Wanted	/m/0cc544j	thewantedmusic	1	1
92979130907377664	3	10	David_Cameron	/m/0266lb	Cameron	1	1
92979130907377664	33	38	Boris_Johnson	/m/0h508	Boris	1	1
93032242238062592	111	118	Twitter	/m/0289n8t	twitter	1	1
94142968830758913	0	5	Apple_Inc.	/m/0k8z	Apple	1	1
94142968830758913	38	42	Mac_OS_X_Lion	/m/0dr_08g	Lion	1	1
95072342140653568	0	5	Barack_Obama	/m/02mjmr	Obama	1	1
91930029465935872	0	19	Marley_Station	/m/072ztj	Marley Station mall	1	1
92407733843800064	0	7	Twitter	/m/0289n8t	Twitter	1	1
94041085575299072	74	92	Greater_Manchester	/m/0kqb0	Greater Manchester	1	1
92684412923289600	12	25	Severus_Snape	/m/0c2l5	Severus Snape	1	1
99487494193680384	0	9	Minnesota	/m/04ykg	Minnesota	1	1
99487494193680384	78	87	Minnesota	/m/04ykg	Minnesota	1	1
98039658222583809	64	67	Institute_for_Supply_Management	/m/0htsf	ISM	1	1
93867554635923457	74	88	European_Union	/m/02jxk	European Union	1	1
94409462944768000	0	8	BBC_News	/m/049rl0	BBC News	1	1
94409462944768000	11	17	Norway	/m/05b4w	Norway	1	1
94409462944768000	57	61	Oslo	/m/05l64	Oslo	1	1
102067318368108544	20	26	Baltimore_Ravens	/m/01ct6	Ravens	1	1
102067318368108544	77	90	Buffalo_Bills	/m/01c_d	Buffalo Bills	1	1
102067318368108544	98	107	Lee_Evans_(American_football)	/m/04qd2z	Lee Evans	1	1
92237433697091584	10	15	Zack_Ryder	/m/05y_w__	Ryder	1	1
92668398948978688	51	57	Plan_B_(musician)	/m/09rqnv	Plan B	1	1
102019118319943680	1	7	Piers_Morgan	/m/02pjzn	Morgan	1	1
102019118319943680	79	88	Edgbaston	/m/02n7wd	edgbaston	1	1
93024530745921536	16	23	Seattle	/m/0d9jr	Seattle	1	1
92361086627622912	1	14	Taylor_Swift	/m/0dl567	taylorswift13	1	1
92361086627622912	54	56	Toronto	/m/0h7h6	TO	1	1
94429411054583808	1	14	Malaysia_national_football_team	/m/04h4zx	harimaumalaya	1	1
94429411054583808	29	46	Jalan_Besar_Stadium	/m/0fznk5	Jln Besar stadium	1	1
93033242663469056	102	117	Mitch_McConnell	/m/01z6ls	Mitch McConnell	1	1
93033242663469056	128	131	Republican_Party_(United_States)	/m/07wbk	GOP	1	1
92057053954191361	120	133	Justin_Bieber	/m/06w2sn5	Justin Bieber	1	1
94017622659710976	0	7	Eric_Illsley	/m/025m3g	Illsley	1	1
94017622659710976	44	50	Labour_Party_(UK)	/m/01c9x	Labour	1	1
103165156539904000	11	15	National_Collegiate_Athletic_Association	/m/0gh43	NCAA	1	1
103165156539904000	53	57	ESPN	/m/0kc6x	ESPN	1	1
92579651679039488	31	42	Netherlands	/m/059j2	Netherlands	1	1
96931007181225986	22	26	Asia	/m/0j0k	Asia	1	1
94808210258669568	47	51	Iraq	/m/0d05q4	Iraq	1	1
101013010050592768	0	16	National_Express_Group	/m/0pfkv	National Express	1	1
101013010050592768	17	30	West_Midlands_(region)	/m/01z8x0	West Midlands	1	1
101013010050592768	89	97	Coventry	/m/0c5_3	Coventry	1	1
101013010050592768	108	115	Walsall	/m/01m4pc	Walsall	1	1
102266212200890368	9	28	Apple_Store	/m/02hwrl	Apple Retail Stores	1	1
102266212200890368	48	53	World	/m/09nm_	World	1	1
102266212200890368	71	76	Apple_Inc.	/m/0k8z	Apple	1	1
100732225204654080	82	97	Marty_Robinson_(announcer)	/m/0js_xq1	Martin Robinson	1	1
101056007421173760	43	49	London	/m/04jpl	London	1	1
101056007421173760	64	74	Nottingham	/m/09tlh	Nottingham	1	1
101056007421173760	77	87	Manchester	/m/052bw	Manchester	1	1
91998635692261376	49	61	Hans_Rosling	/m/0fqxxd	Hans Rosling	1	1
91928702732091392	31	34	God	/m/0d05l6	God	1	1
91928702732091392	55	60	Jesus	/m/045m1_	Jesus	1	1
92054549212299265	100	107	Love146	/m/0ch10kh	Love146	1	1
96565555221368832	4	14	Jay_Glazer	/m/02qtm4v	Jay_Glazer	1	1
96565555221368832	16	22	Philadelphia_Eagles	/m/05tg3	Eagles	1	1
96565555221368832	37	45	Pro_Bowl	/m/01p38d	Pro Bowl	1	1
96565555221368832	46	60	Jason_Babin	/m/077w9k	DE Jason Babin	1	1
96565555221368832	100	118	Jim_Washburn	/m/07k84p2	coach Jim Washburn	1	1
91831958878953472	32	35	God	/m/0d05l6	God	1	1
94811433027633152	11	24	Amy_Winehouse	/m/01pq5j7	Amy Winehouse	1	1
94811433027633152	43	49	London	/m/04jpl	London	1	1
94811433027633152	68	73	E!_News	/m/0g11yr	enews	1	1
102182296815276032	0	16	Colin_Kaepernick	/m/03cm6b3	Colin Kaepernick	1	1
102182296815276032	39	44	San_Francisco_49ers	/m/06rny	49ers	1	1
92794777971593217	16	23	Twitter	/m/0289n8t	twitter	1	1
98960098117943296	33	40	Cargill	/m/03sw9w	Cargill	1	1
91845690656960512	45	54	WWE_SmackDown	/m/01yb1y	Smackdown	1	1
101659761988214784	23	26	Transportation_Security_Administration	/m/0179dd	TSA	1	1
101557840388440064	106	112	London	/m/04jpl	London	1	1
92339434510495744	0	8	Houston	/m/03l2n	Houstons	1	1
91970435507421184	15	20	Barack_Obama	/m/02mjmr	Obama	1	1
91970435507421184	68	76	Americans	/m/04q7gbh	American	1	1
97376969657823233	0	3	PBS	/m/05xbx	PBS	1	1
93104022759804928	50	53	God	/m/0d05l6	God	1	1
91964854801403904	22	30	Facebook	/m/02y1vz	FaceBook	1	1
91733741646516224	39	42	God	/m/0d05l6	God	1	1
92381667926351872	130	140	Mark_Twain	/m/014635	Mark Twain	1	1
94142638093115392	106	112	Greece	/m/035qy	Greece	1	1
95984772718927873	23	27	New_York_Jets	/m/05g49	Jets	1	1
95984772718927873	50	68	Santonio_Holmes	/m/0b8819	WR Santonio Holmes	1	1
95984772718927873	83	87	New_York_Jets	/m/05g49	Jets	1	1
95984772718927873	96	102	Santonio_Holmes	/m/0b8819	Holmes	1	1
101572298175283200	59	65	London	/m/04jpl	London	1	1
101572298175283200	106	108	Associated_Press	/m/0cv_2	AP	1	1
92969106881515520	117	129	Jaejoong	/m/05mz8h8	Kim Jaejoong	1	1
91763608274468864	56	58	Harry_Potter_(film_series)	/m/02676m4	HP	1	1
101758768534138880	1	12	James_Maslow	/m/09gmdtd	jamesmaslow	1	1
101758768534138880	51	57	Africa	/m/0dg3n1	Africa	1	1
100960424735940608	0	6	London	/m/04jpl	London	1	1
100960424735940608	13	26	Amy_Winehouse	/m/01pq5j7	Amy Winehouse	1	1
100960424735940608	31	37	Norway	/m/05b4w	Norway	1	1
100960424735940608	72	86	Rupert_Murdoch	/m/06hrk	Rupert Murdoch	1	1
97025714552971264	0	4	Steven_Finn_(cricketer)	/m/0fdfl5	Finn	1	1
97025714552971264	23	34	Steven_Finn_(cricketer)	/m/0fdfl5	Steven Finn	1	1
97025714552971264	58	67	Middlesex_County_Cricket_Club	/m/03f1jm	Middlesex	1	1
97025714552971264	102	112	Derbyshire_County_Cricket_Club	/m/05_blf	Derbyshire	1	1
93104153596936192	91	98	Bahrain	/m/0161c	Bahrain	1	1
93104153596936192	122	133	Philippines	/m/05v8c	Philippines	1	1
94213202635788288	2	9	Georgia_(U.S._state)	/m/0d0x8	Georgia	1	1
98017799158497280	52	57	China	/m/0d05w3	China	1	1
95898503749963777	22	30	Alamance%2c_North_Carolina	/m/0yctr	Alamance	1	1
93455340603064320	16	20	National_Oceanic_and_Atmospheric_Administration	/m/09fyq	NOAA	1	1
93455340603064320	51	55	Washington%2c_D.C.	/m/0rh6k	D.C.	1	1
93905391481651200	20	24	Kwon_Yuri	/m/0bbzbf0	Yuri	1	1
93905391481651200	29	36	Tiffany_(South_Korean_singer)	/m/0bwj_pj	Tiffany	1	1
93905391481651200	48	55	Incheon	/m/0hv1b	Incheon	1	1
102068034964946945	23	30	Georgia_(U.S._state)	/m/0d0x8	Georgia	1	1
100623454981722112	19	26	Peckham	/m/0nbsy	Peckham	1	1
100623454981722112	33	53	Transport_for_London	/m/07nkm	Transport for London	1	1
92497498207297536	1	9	MC_Hammer	/m/01wgfp6	mchammer	1	1
92497498207297536	34	35	Oakland_Athletics	/m/05m_8	a	1	1
95116008175566849	0	2	New_York	/m/059rby	NY	1	1
94456468476137472	83	88	Ut%c3%b8ya	/m/04y7_jl	Utøya	1	1
93750712361689088	15	26	Tiger_Woods	/m/0bwdn	Tiger Woods	1	1
93750712361689088	31	45	Steve_Williams_(caddy)	/m/09lpxd	Steve Williams	1	1
93750712361689088	112	117	Tiger_Woods	/m/0bwdn	Woods	1	1
93769818116861953	0	2	United_States_Department_of_Veterans_Affairs	/m/0jblf	VA	1	1
92786465272119296	4	10	The_Walt_Disney_Company	/m/09b3v	Disney	1	1
92786465272119296	83	89	The_Walt_Disney_Company	/m/09b3v	Disney	1	1
102568383198937088	16	23	YouTube	/m/09jcvs	YouTube	1	1
102568383198937088	67	85	Indiana_State_Fair	/m/04shkp	Indiana State Fair	1	1
92701930975010816	33	48	Tower_of_London	/m/07nqn	Tower of London	1	1
99288973943390209	11	42	Fox_Animation_Studios	/m/05ws8z	Twentieth Century Fox Animation	1	1
99288973943390209	45	61	Blue_Sky_Studios	/m/03q471	Blue Sky Studios	1	1
99288973943390209	89	100	Nicki_Minaj	/m/047sxrj	Nicki Minaj	1	1
92630700901138432	8	10	United_Kingdom	/m/07ssc	UK	1	1
92630700901138432	24	26	United_Kingdom	/m/07ssc	UK	1	1
92630700901138432	44	66	The_Twilight_Saga%3a_Breaking_Dawn_%e2%80%93_Part_1	/m/075wx89	Twilight Breaking dawn	1	1
92630700901138432	112	121	Leicester	/m/0dhdp	Leicester	1	1
92487204324126720	26	32	Justin_Bieber	/m/06w2sn5	Justin	1	1
93146504931442688	11	18	Twitter	/m/0289n8t	Twitter	1	1
101024829385347073	19	26	Chelsea_F.C.	/m/023fb	Chelsea	1	1
101024829385347073	31	37	Crystal_Palace_F.C.	/m/0223bl	Palace	1	1
101024829385347073	49	56	Croydon	/m/02gw_w	Croydon	1	1
101024829385347073	58	65	Chelsea_F.C.	/m/023fb	Chelsea	1	1
101024829385347073	69	77	Kingston_upon_Thames	/m/049kw	Kingston	1	1
101024829385347073	79	84	Tottenham_Hotspur_F.C.	/m/0hvjr	Spurs	1	1
101024829385347073	88	95	London_Borough_of_Enfield	/m/0nccd	Enfield	1	1
101024829385347073	97	104	Millwall_F.C.	/m/0284h6	Milwall	1	1
101024829385347073	105	113	Charlton_Athletic_F.C.	/m/01z1r	Charlton	1	1
101024829385347073	117	123	Eltham	/m/02k_r5	Eltham	1	1
101024829385347073	128	137	Beckenham	/m/0n8wv	Beckenham	1	1
91718858846633984	4	15	Paris_Hilton	/m/0227vl	ParisHilton	1	1
91718858846633984	48	62	Candy_Spelling	/m/03clxd2	Candy Spelling	1	1
91718858846633984	117	127	California	/m/01n7q	California	1	1
92370537531183104	14	23	The_Good_Life_(band)	/m/01mtm0s	good life	1	1
95724083647488000	0	7	Vatican_City	/m/07ytt	Vatican	1	1
95724083647488000	40	47	Vatican_City	/m/07ytt	Vatican	1	1
95724083647488000	80	87	Ireland	/m/012wgb	Ireland	1	1
91921712177889280	0	7	Pusha_T	/m/0glqz8g	Pusha T	1	1
91921712177889280	80	83	God	/m/0d05l6	God	1	1
93063371515105280	12	16	God	/m/0d05l6	Lord	1	1
93063371515105280	91	96	God	/m/0d05l6	Lords	1	1
97676628594929664	0	8	Sun_Yang	/m/04gmc6v	Sun Yang	1	1
93899167105167360	15	18	International_Monetary_Fund	/m/03y48	IMF	1	1
93899167105167360	42	47	China	/m/0d05w3	China	1	1
93899167105167360	78	105	International_Monetary_Fund	/m/03y48	International Monetary Fund	1	1
100832401193844736	0	8	Sky_News	/m/01fp7c	Sky News	1	1
100832401193844736	26	33	Twitter	/m/0289n8t	Twitter	1	1
98537413051293697	0	14	Roman_Catholic_Archdiocese_of_New_York	/m/01khsp	NY Archdiocese	1	1
98537413051293697	72	80	New_York	/m/059rby	New York	1	1
98537413051293697	82	85	CNN	/m/0gsgr	CNN	1	1
92006871375945728	9	19	Mark_Dapin	/m/0ds0r72	Mark Dapin	1	1
92006871375945728	27	39	The_Sydney_Morning_Herald	/m/01m57l	Good Weekend	1	1
94526163174690817	49	60	White_House	/m/081sq	White House	1	1
94183808546516992	0	8	United_States_Department_of_Defense	/m/07y0n	Pentagon	1	1
94183808546516992	36	49	United_States_Armed_Forces	/m/07xg1	U.S. military	1	1
92952817727324160	0	23	Duchess_of_Cornwall	/m/055dnr	The Duchess of Cornwall	1	1
92077173778825216	26	30	Jay-Z	/m/01vw20h	JayZ	1	1
92077173778825216	35	42	Beyonc%c3%a9_Knowles	/m/01mpq7s	Beyonce	1	1
101186888085413889	0	13	Boris_Johnson	/m/0h508	Boris johnson	1	1
101186888085413889	17	20	BBC	/m/0g5lhl7	BBC	1	1
101186888085413889	92	97	Boris_Johnson	/m/0h508	Boris	1	1
101186888085413889	101	105	Eton_College	/m/0dzbl	Eton	1	1
101186888085413889	106	112	University_of_Oxford	/m/07tgn	Oxford	1	1
101186888085413889	121	131	Bullingdon_Club	/m/06f4m0	bullingdon	1	1
101983612601237505	0	11	Real_Madrid_C.F.	/m/06l22	Real Madrid	1	1
101983612601237505	53	62	FC_Barcelona	/m/0hvgt	Barcelona	1	1
101983612601237505	128	138	Real_Madrid_C.F.	/m/06l22	realmadrid	1	1
92671586628407296	53	58	Japan	/m/03_3d	Japan	1	1
95910369452769280	5	13	David_Wu	/m/033tm3	David Wu	1	1
95910369452769280	71	83	Chatroulette	/m/0b73s1t	Chatroulette	1	1
92985391870775297	4	8	IPad	/m/09rvlp4	iPad	1	1
92985391870775297	58	64	ITunes	/m/019g58	iTunes	1	1
98094167196049409	25	35	Randy_Moss	/m/029t22	Randy Moss	1	1
92665161021788160	67	77	Alan_Sugar	/m/025yg5	Lord Sugar	1	1
92665161021788160	118	128	The_Apprentice_(UK_TV_series)	/m/0652_v	Apprentice	1	1
94610076324728833	43	49	Norway	/m/05b4w	Norway	1	1
94610076324728833	65	77	Oslo	/m/05l64	Oslo, Norway	1	1
101032158956761088	1	8	Sky_News	/m/01fp7c	SkyNews	1	1
101032158956761088	20	28	Southall	/m/0nc58	Southall	1	1
92238889653256192	22	41	The_Notorious_B.I.G.	/m/01vz0g4	christopher wallace	1	1
96410979562291200	51	63	Eric_Bledsoe	/m/09v5297	Eric Bledsoe	1	1
96410979562291200	66	73	Eric_Bledsoe	/m/09v5297	ebled24	1	1
96410979562291200	76	92	DeMarcus_Cousins	/m/02wwqcw	DeMarcus Cousins	1	1
96410979562291200	95	108	DeMarcus_Cousins	/m/02wwqcw	boogiecousins	1	1
96410979562291200	111	120	John_Wall_(basketball)	/m/05zvcyt	John Wall	1	1
96410979562291200	123	132	John_Wall_(basketball)	/m/05zvcyt	jimmywa11	1	1
100156955431149568	7	30	Scottish_Premier_League	/m/01h0cn	Scottish Premier League	1	1
100156955431149568	32	38	Celtic_F.C.	/m/0j46b	Celtic	1	1
100156955431149568	49	57	Aberdeen	/m/0rng	Aberdeen	1	1
100156955431149568	88	91	Scottish_Premier_League	/m/01h0cn	SPL	1	1
100156955431149568	98	108	Motherwell_F.C.	/m/01fjz9	Motherwell	1	1
92331525051400195	25	42	Hot_Tub_Time_Machine	/m/064p5bf	hottubtimemachine	1	1
91803825563910144	0	6	Rebekah_Brooks	/m/04yx08	Brooks	1	1
92574271288778752	0	11	Theresa_May	/m/01zczs	Theresa May	1	1
92574271288778752	66	69	Metropolitan_Police_Service	/m/01bb7n	Met	1	1
102000318501490688	30	43	Cesc_F%c3%a0bregas	/m/03tb61	Cesc Fabregas	1	1
102000318501490688	55	64	FC_Barcelona	/m/0hvgt	Barcelona	1	1
102000318501490688	81	97	UEFA_Champions_League	/m/0c1q0	Champions League	1	1
92282588458258432	62	70	Edgar_Allan_Poe	/m/02lt8	E.A. Poe	1	1
92915112100380672	21	27	Darfur	/m/02vtml	Darfur	1	1
92915112100380672	46	50	Doha	/m/0f2yw	Doha	1	1
97462635209031680	23	30	New_York_Yankees	/m/0cqt41	yankees	1	1
97569036308709376	34	40	Alaska	/m/0hjy	Alaska	1	1
100581944642904064	0	5	Barack_Obama	/m/02mjmr	Obama	1	1
100581944642904064	43	51	NBC_News	/m/016bvz	NBC News	1	1
94814485872783360	21	33	Amy_Winehouse	/m/01pq5j7	Amywinehouse	1	1
92789379453566976	4	15	WWE_Magazine	/m/0fdsdy	WWEmagazine	1	1
92789379453566976	17	22	Vince_McMahon	/m/01s7z0	Vince	1	1
92789379453566976	65	81	John_Laurinaitis	/m/066_yb	John Laurinaitis	1	1
92789379453566976	118	122	WWE_Money_in_the_Bank	/m/0gtvg6p	MITB	1	1
100373381538529280	13	20	PGA_Tour	/m/01v61b	PGATour	1	1
100373381538529280	63	67	San_Diego_State_University	/m/01q0kg	SDSU	1	1
100373381538529280	70	82	Scott_Piercy	/m/05p8_y2	Scott Piercy	1	1
100373381538529280	89	104	Reno%e2%80%93Tahoe_Open	/m/0d881w	Reno_Tahoe_Open	1	1
100373381538529280	111	119	San_Diego_State_Aztecs	/m/0gmx1v	GoAztecs	1	1
93617326653587456	0	10	John_Terry	/m/029f79	John Terry	1	1
93617326653587456	27	44	Roberto_Di_Matteo	/m/059zg8	Roberto Di Matteo	1	1
93617326653587456	87	94	Chelsea_F.C.	/m/023fb	Chelsea	1	1
92236628923392000	112	121	Enchanted_(film)	/m/0d4htf	Enchanted	1	1
100680241315446784	10	14	CNBC	/m/01gl9g	CNBC	1	1
93412095177146369	0	5	Cybex_International	/m/04z_rht	CYBEX	1	1
101775291927625728	0	17	Manchester_United_F.C.	/m/050fh	Manchester United	1	1
101775291927625728	54	69	Wesley_Sneijder	/m/03dvdx	Wesley Sneijder	1	1
101775291927625728	95	103	The_Guardian	/m/0cnn5	guardian	1	1
101775291927625728	105	109	Manchester_United_F.C.	/m/050fh	mufc	1	1
94137640999325696	0	9	Microsoft	/m/04sv4	Microsoft	1	1
96473651876077568	0	5	Royal_Dutch_Shell	/m/0g5vy	Shell	1	1
96473651876077568	22	39	Royal_Dutch_Shell	/m/0g5vy	Royal Dutch Shell	1	1
101249571627335680	15	21	London	/m/04jpl	London	1	1
101249571627335680	29	35	Mexico	/m/0b90_r	Mexico	1	1
92642134204760065	25	38	Starboy_Nathan	/m/03f09gx	starboynathan	1	1
91927932758540291	6	9	God	/m/0d05l6	God	1	1
95177954954448896	15	24	Sachin_Tendulkar	/m/0fszd	Tendulkar	1	1
92960965297045504	24	33	Wikipedia	/m/0d07ph	wikipedia	1	1
92884204265811970	19	28	Abu_Dhabi	/m/0gxj	Abu Dhabi	1	1
92968056053186562	16	20	Teen_Choice_Awards	/m/056p05	TCAs	1	1
92968056053186562	32	37	Miley_Cyrus	/m/0bdxs5	Miley	1	1
92968056053186562	43	57	Jonas_Brothers	/m/0cbm64	Jonas Brothers	1	1
92968056053186562	66	69	High_School_Musical	/m/09dv8h	HSM	1	1
93152330396082176	0	7	Twitter	/m/0289n8t	Twitter	1	1
100866205610553344	0	2	United_Kingdom	/m/07ssc	UK	1	1
92357943168741376	15	17	One_Direction	/m/0fqqnpw	1D	1	1
92357943168741376	87	89	One_Direction	/m/0fqqnpw	1D	1	1
93203339000561664	83	95	J._K._Rowling	/m/042xh	J.K. Rowling	1	1
91883894542049281	33	40	Spotify	/m/04yhd6c	Spotify	1	1
91904202460241920	6	10	Duke_Nukem_Forever	/m/01263b	Duke	1	1
91904202460241920	30	51	Shadows_of_the_Damned	/m/0ddfcyc	Shadows of the Damned	1	1
100914329276256257	0	10	Metropolitan_Police_Service	/m/01bb7n	Met Police	1	1
