274682958726705153	I have a vision #winmore  wethebestmusic  #wtb #ymcmb $beready http://t.co/Ol0GE1Ct
274698634484916226	People have become less social in real life thanks to social networks...All you got to have is a full battery
274725621949661184	Never be afraid to be yourself. Regardless of what that may mean.
274743516528246785	@supershiina Squares http://t.co/tAqYzY8L Circles http://t.co/dG1cRMBy Both under $20! Now no one has an excuse to deny you waffles! -Othy
274764141527461888	Catch up on October's #Wikimedia Highlights, and help non-English speakers to do so by providing a translation: http://t.co/JE9QP7E5
274912954347032577	A much overdue portrait of @brainpicker in New York Times http://t.co/I1oADCUH // and an example for how great content can rise on the web.
274934306286219266	@stevealfaro @lagalaxy Awww I will working a day at our radio stations concert but I hope you guys have fun!!!
274936338522988545	#Minters, here are the best foods to beat the #winter blues: http://t.co/BHTQbn9X
274937940566740992	Final score could be 12-9 to united
274944443755401216	Attended an "Ugly" sweater party last night but opted out of the dress code w Eric #sociallyostracized http://t.co/C1zOD4iv
274951280663879680	Today is a #HAPPY DAY as http://t.co/DeO42QLn is launching! Check out the great video! @HappyHeartsFund @Clinique_US http://t.co/JpvnRB11
274951939584827392	so far everyone answers "no".  smart group
274956253346811905	#Vikings receiver Percy Harvin ruled out for game vs. #Packers with ankle injury. http://t.co/8a1xLF9Q #NFL
274958645048008704	@SiidefG thank you :)
274977591759339520	now, to the tricky part...the second year. haven't finished one of those yet.
274983074859712512	Mike Tyson and DJ Whoo Kid on Shade 45 now tune in --painting by Hip Hop Paintings #WhoolyWoodShuffle http://t.co/0l3eKbTX
274995048557453313	@SharonAdamFanYR yes it is from POMP
274999682713935872	To make friend, don't try to be interesting. Be interested. (in others)
275023082991779840	My dad is in town for my birthday!! Best present ever!
275032815991664640	@Lizzi3_Dancer Thanks for watching, Elizabeth!
275044533606162432	@trickshot215 Hi William, we've looked at your case and are working around the clock to correct it ASAP. Thanks for your patience! ^SG
275048730988781569	“@ryanhuhne: @McLoughlinMusic is a stoolie! #VivaLaStool @stoolpresidente” always loved barstool @BarstoolU #hilarious
275066022585839618	@emstiffler woo hoo! So loving that!
275083039535677442	Can't stand 2 hear somebody talk bout what they will do wit a gun… I think folks like that scared they will lose a fight… #ManUp #CountryBoy
275088275788677120	@krrristinmarie mmm....I assume before shows.
275117687368192000	Dressed In All Black Putting In This Work!!!!!!!!!!!!!!!!!!!!!!!!! http://t.co/i7kT55BU
275124967832682496	Some ppl know nothing.. http://t.co/DeC1uA76
275168597716901889	PROMOTERS HOLLA AT ME....NOW ACCEPTING OFFERS FOR NEW YEARS EVE ...L.VELASQUEZ11@GMAIL.COM SERIOUS INQUIRES ONLY
275168773877690368	Tour bus life. Up clownin wit @macklemore @Owuorobi and @XperienceXP . Ridin to the next city: Iowa City, Iowa.
275267822144339968	@BerzalRuth Just to clarify, are you referring to sharing your runs from the Nike+ Running App on Android to Facebook?
275309480919564290	Flights on flights on flights @ Chicago O'Hare International Airport (ORD) http://t.co/XGFIn2kf
275327644315312129	Kaepernick tries to allude Rams pass rush, throws ball away, but called for intentional grounding in the end zone. Safety for the Rams.
275332975296651264	Is Brad Pitt's star power on the wane? His "Killing Them Softly" bombs this weekend: http://t.co/Wdw9xdzp
275352155441999872	Markets Shrug Off 'Fiscal Cliff' Mudslinging http://t.co/QhRjpwI9 $$ #Commodities #U.S.Dollar;.DXY #WallStreet #StockMarket
275352471696707584	No tie in St Louis. Rams win in OT with Young GZ crushing it. Now Harbaugh must answer question if Kaepernick and his cold hand is the QB.
275353082345426944	@Wildman20 an hour
275359865122209792	(Video) #SecClinton's remarks at the Saban Center for Middle East Policy 2012 Saban Forum http://t.co/vN8AspYE
275376478416424960	@asherfbutler trying rubbing alcohol. Also, we don't encourage use of drawing on skin...
275393528278945793	@lvanpool uh uhm correction. . ."classy Tampa
275395307968274432	@TaylorPerks Now you're just watching elf... ;)
275412946253926400	Wonka Fun Fact: Al Michaels' tie is made of Belgian chocolate and afternoon dreams. http://t.co/o5aiq6UP
275425669587009536	$680 up for grabs! Design packaging for snack bars for kids. - product packaging contest - http://t.co/HL0fBm09
275441964776816640	I just keep it G... That's the only way I knw how!
275510281847848960	Thanks, MLR! “@rajskub: @JoshRadnor finally saw 'Liberal Arts' Great work!!!!! A much delayed heartfelt Congratulations. Really enjoyed it”
275587235112431617	Expect almost all automakers to say what @Chrysler just reported.  U.S. Sales last month were the best since late '07.
275680061615636480	Food Genius Wins Food Network Brand Hackathon http://t.co/gb8ueJ9O via @BuiltInChicago
275703895009931264	@mistydedwards of course not. They are so gross.
275709630972317696	Richard Harrow FTW!!!! #BoardwalkEmpire #SeasonFinale
275808335062777856	Tell me what you smoking onnnnnnnn
275830563938635776	#IFWT MLB: Alex Rodriguez Likely To Miss First Half of 2013 Season - http://t.co/hHAHqnsi
275892243624259584	Larissa Journal: Greek Brothel Owner Rescues Larissa Soccer Club http://t.co/b44OEn0P
275905127435620352	@jfriedlaender Depending on your app, you might well also be able to have the API in the same controllers as HTML. I've done that plenty too
275920140292481025	TAnia and Zoey roll out! http://t.co/qHw3fedM
275942746005573632	This morning while reading Deuteronomy 1:29, it was made clear that God wants us to be in position for a blessing, but we must trust Him
275948029092171776	Should skiers be more concerned about wind conditions? http://t.co/Us1wQ6US
275989552882147328	This Sunday only, #Fabergé tickets are 1/2 off as part of @Ford Second Sunday! Purchase tickets here: http://t.co/TMNKOfTg.
275991869907947520	Damn u America... Amsterdam is winnin... @ Rusland Coffeeshop http://t.co/3NogSTta
276020240679325696	Got stronger after "Ether".
276029060629532672	@marcsmenlead, our MP3 music giveaway is for fans only! Follow @Pepsi & tweet using #PepsiMusicNOW for a chance to get a code.
276031141797064704	Looking for the #muppets Band-Aid app #JNJ's Kadlec talked about? It's here! http://t.co/nP8gG77d  #mhs12 #mhealthJNJ
276102529715142658	I heart crocs. http://t.co/mlMgpw5d
276107513294909440	So Taylor was all "hey Harry, I'm sure you've heard about me" and Harry's all " I like your straight bangs" and now I guess they're dating.
276113668096274432	Confusion around #BYOD in education a key opportunity for VARs/SIs - @ARNnet - http://t.co/Y0W7L5Xj
276127860719226882	@siafalewis Yup! She got hit by Sandy and we're all pitching in to help out! Not to worry - shooting it for a web extra.
276128988773097472	@Julian__West Thank you but that's not what happened
276377981545480192	Japan tunnel disaster shows aging of public works http://t.co/gxqrW7tz #infrastructure | @BostonDotCom + @ekurtenbach
276379451212845056	Love awesome RB events? Live in the San Francisco area? Down to help an amazing charity? @Umloud is tomorrow night! http://t.co/p2lpEgOt
276386601993650176	The Invaders (and Thor) by Jack Kirby. http://t.co/ySeZQtHO
276389780378488832	@jeremyezell recorded some holiday songs with @AdamSams last year, they're free: http://t.co/BvZc9UdY] catch us @eddiesattic on Dec 27
276398794227208192	Part 2 of our @Purevolume interview is finally live! Go check it out here: http://t.co/Kxp5hwXX
276404461537222656	Mariners, Indians and Red Sox among teams still in Nick Swisher market.
276410874611253248	@Smoshy_Girlyy84 No! you need to EARN them
276416280100208640	@Ninoscalia Too much 'feeling it' at the birthday festivities?
276422394497888258	Went for a very exciting five minute walk! But naturally after something as stimulating as that, I am back in bed. #exciting!
276423707931578368	A member of the Postal Service Holiday Blog team shows you how much fun your family can have writing a letter to Santa! http://t.co/Z26aKCC1
276425635751137280	The #PacMarquez final presser has begun. How long until Arum says 'champeeeeen'. #boxing
276431757828567040	Wal-Mart Nixed Paying Bangladesh Suppliers to Fight Fire http://t.co/WwiqWPHF via @BloombergNews
276436499099172864	You decide your own outcome based on your desire and self-determination.
276442806422220801	@FreshaDenADaisy d Rob what up
276445013850849280	@JLHose Thanks for being part of the discussion, Jay.
276448822585077761	@alex_kelley Thanks for the shout out!
276453387158032384	Military Veterans looking for jobs check out @veteransunited an amazing company looking to hire vets in great jobs @hireheroesusa
276485752664231939	Instagram Declares War on Twitter, Social Media Loses http://t.co/hZ2VgoiF via @mashable
276544241126211584	Do not miss out...#N#http://t.co/62m03nA9#N#txt http://t.co/nK9MaO4E UR New Years resolution#N#Ruby my NYR is...#N#http://t.co/lShTBr2d#N#323-378-5863
276723560972681216	Photo: Good morning!! Starting the day off with a #glutenfree Breakfast Bake! #celiac #breakfast #udis #food... http://t.co/SCM041rc
276725607080017920	http://t.co/TCRbpUNG PICKET: DeMint says taking helm at Heritage Foundation is a 'big promotion'
276734155310657536	@fpalumbo thanks for the RT!
276744675996602368	@brokeintheusa Who knows what happens behind the scenes sometimes!
276749146470379520	Engagement key to leadership: http://t.co/1R6Pu5Pt #AirForce
276759812514119680	Jack has always loved to fly. To see more O'Neill Baloons and other flying machines click here. http://t.co/8NttrJtp http://t.co/J7NzkFfZ
276762733330960384	Nielsen's Randall Beard is about to lead our Webinar on Improving Ad Performance in just a couple of minutes. #3Rs http://t.co/JQ834pjM
276763446366830593	Behind the scenes at a Nanotech lab of the future http://t.co/Ax8F8wCG
276764331855720449	@Briannedresh That doesn't sound good. Can we assist you? ^Mike
276765985493626881	Just posted a photo http://t.co/b4nnQER9
276768103420010496	@James_Hampton ehhhh not good but not the worst team in my league so there's that
276787950820405249	@BarbieBardot027 I appreciate that. I feel emancipated.
276788864268529664	@ericstonestreet @DannyZuker Congratulations on the nominations!
276802957511647232	Not helping. #CharlotteWalkingTour http://t.co/ewDGwa3y
276814752922083328	@EmmaElleRoberts or bawls. #RESOLUTIONtour
276815406965088256	@steelcitysportz Yes... After Clippers lost to terrible Cavs a few years ago I did 5 hours of network radio with a paper bag on my head!
276816859125387264	Congrats 2my friend &Fashion Photographer Udo 4 another cover shoot. Great job on @tyrabanks Cosmo cover!  http://t.co/lqpKMrbQ
276836168375623680	Have you seen the vintage-inspired Buena Vista Street holiday merchandise? Stop by Elias & Co today and have a look. #DisneyHolidays
276842803756146688	@allisonurffer Awesome. Keep us posted when you take your next big run. Your hard work is going to pay off soon.
276847315518619648	Howie Long on set, greets @DeionSanders for a @ProFootballHOF handshake http://t.co/bavZzYsn
276890909528956928	@RyanGottshall ya it's a joke
276896986614075392	Fantastic divestment video from students at Ithaca College--they just say it straight http://t.co/p3CDwaqb http://t.co/5thVHxRk
276913347537014784	Lol so I guess I MENT to say noone in L A pays attention lol
276919625785171968	@Xsings4himX It was a pleasant surprise. Good seein you, Britt. Love the hair!
276921534826823680	#IFWT Tech Talk News: Apple Licenses It's Software And Hardware To HTC - http://t.co/W3bsyFbo
276927561357991937	Its Not Just Search Engine Optimization (SEO), Its Customer Experience Optimization (CEO) http://t.co/z93aVb6Y via @GenuineSEOnet
276992205305028608	GOP governor makes surprising flip-flop on "right to work" legislation http://t.co/LGX7ie82
277034419674574848	@SGyurgyak you are relentless.
277077432492769280	@johndodds the implications are huge for us government, as fiscal gap issues cold be significantly improved if us firms paid taxes.
277078119326826496	@mesochisowindy @JVLewis77 our doc airs sun at 8p est on cnn!
277093093445103616	More Adorable Radishes from Japan:  We love the runaway daikon, the radish that just happened to be... http://t.co/obSqmMDf
277097510269493248	When u always keep it real then u have nothing to fear... Even when the shit goes down and everyone else starts... http://t.co/lrr0Zf4L
277103971431247872	2012 Rock Song of the Year http://t.co/Wv45UhNR - VOTE STILL SWINGIN!!!
277105973108293632	Protecting #privacy - Al pushes bill requiring companies to ask permission before collecting your personal data: http://t.co/VeycIZpB
277115305648611328	One of my favorite desserts is Fabio's Chunky Chip Cookies ! #CookiesByFabio  http://t.co/G8ShiojJ
277125738866548738	@charlotteahenry well, then mission accomplished!
277132383596212224	The same people that build u up be the same person trying to tear u down watch what u tell people personly about you.
277139668733136897	@DrKimmyRocket  You're welcome, Kimberley! Enjoy!  ^SS
277140013714640896	@deefizzy if you care about effectively connecting with your audience, maintaining the relationship, you should speak up too.
277152512212103169	Nets looking to end skid vs. Warriors http://t.co/cbwyKCEK
277161496834875392	New Death Punch 👊💀 shirt ... The five fingers of death 👉 #fivefingerdeathpunch #5fdp http://t.co/aFnM98PQ
277168952029880320	Here they are @kierongillen @mckelvie http://t.co/m812RnpV
277182018570313728	@JBooMI Loving this side-by-side comparison!!
277204765996371970	@Paul_at_FOH @aarontap yes. our schedules suck. have fun out there then come back & listen to john carpenter soundtracks with us!
277225847142875136	Going to rush get some coffee get to @AKA_HQ  and train hard. Just running  for the weekend. Hard work is almost finished for the week.
277234520271507456	“D.C. Public Schools Reinvent The Home Visit” http://t.co/IMiXD2bm #education
277262493611618304	Early-Oop. Burks. Jazz by 32. #TORatUTA
277280235546898433	bank of america were gonna have a talk when i get home
277396102167277568	@maddietetzke You could do the next best thing and ask for his album. We have a good deal. Check it out! http://t.co/74bh5lcD ~Mel
277427413145772032	Treat the food-lovers in your life to sweet, savory, or sippable gifts. http://t.co/j41rg0Yh #dailyfinds
277437273769930752	@GingerFreak_87 thank you!!
277485255282270209	#KeepItThoro @itspacdiv "No Superman" http://t.co/NapHJrgC EVR Mobile App.
277494064960651264	You really lose trying to make stuff for black ppl. By nature we don't support our own unless it's Tyler Perry.
277503147436539904	Tim Tebow Starts At Tivo! http://t.co/83OZgVIY $TIVO $VZ $T $DISH $CSCO @agara2004
277537284281225216	UCLA played zone for 3 games, but looked much better in man at end of SDSU game-Howland is a better man coach
277561905093148673	What do you mean I'm a creep? cc: @DEVisHot http://t.co/BJe8QujX
277567378395652096	Happy birthday @coreytaylorrock a true animal on the mic & a handsome son of a gun lol
277586920832393216	@mattsawyer1 @alexthemauler tonight his job is to be better that's what we trained for!!! Ousssss!!
277604775556689921	@IamProfessorO no worries
277649890585227265	@nervousjuice where?
277762537485901824	@kybeerpimp thanks boss! Hope you are well! We gotta do something about that bad shade of orange u wear. Lol @nashvillemgr
277791506935447552	@beloit08 In that case I’m sorry we didn’t have better health to chat. I washed my hand immediately after shaking hands with 150 people.
277827239293378560	@AriaAspen AHHHHH CONGRATS. THE WORLDS NEXT GAMING PRODIGY.
277918192419102722	Should Bank of America Fire Thousands of Employees, Too? http://t.co/LYfxxGpM $BAC $C
277939001309163520	Thank goodness the NYG pulled off the W! I was nervous there for a while!!
277942771971653632	@_Vaun them bitches is awesome!
277970652059795456	Next time someone asks you want you want this holiday season, say "ReverbNation Gift Card": > http://t.co/VmqVsAQD < #music #gift
277981882476539904	Well, the Talk Your [S]#?! Tour has come to an end. Here's to a successful first headlining tour. To all who supported us: thank you x100000
277991229671743488	@OpTic_NaDeSHoT @GoldGloveTV Use the link they sent you, not the OG site
278123941850124288	Great joining Bud @WFLA this morning to discuss protecting hardworking taxpayers and small businesses throughout fiscal cliff negotiations.
278154403029082112	@jcmphoto Many thanks Jay. :)
278158374305153024	@DW4eva   I watched as well.
278164561935343616	@swain1856 @Jmoffet I wish I was that clever! I totally messed up and Kelley tried to help me fix it, but I was laughing too hard...
278189386401710080	@texanperry My interview with Kevin @CoachSumlin is at http://t.co/MWzlV1FR
278212640067686400	Every mistake you make in practice is a mistake you will not make on #LSAT test day.
278296560733929472	#TeamDC: Tuesday! Teairirra suspects her #husband is using the Internet to #cheat on her! MORE: http://t.co/F5YPDNB5
278299435354714113	@BroncosItaly really? he said in what context?
278319353190051840	Ted (The Movie) comes out on Blu-Ray combo pack 12/11. Make sure you pick it up in stores everywhere!
278332926859571200	Stuck behind an old lady writing a check in line! #aghhhhh!
278333821655605248	@iMack_iChill @Self_Centers @Rich_Crawford6 I did not partake in such foolery. I was sound asleep!
278338794275610624	The @houstontexans D forces another punt. Schaub, time to STEP UP! You MUST drive us down for a TD. #BullsOnParade
278347520374087680	Sheesh who abductee the texans. Did they miss the flight
278485299766636544	@KathleenEwald there's a great example here form Deloitte & Diageo. Hope that helps! http://t.co/skee7gyn
278526145358622720	@bomani_jones @bobbystamps when it comes to football, I'm objective tho. I can look past bias very easily. Herschel was just insane
278532122183077889	Police search phone and email of man sexually fixated on missing daughter-in-law http://t.co/KdkOIHpZ
278532613453516801	. @MikeBloomberg New Yorkers live approx 2 years longer than others in the USA
278546248317931520	CONCERT STREAM: Heads up, rock fans! Make sure you catch today's webcast of @KROQ's #KROQACX12 -Starts at 10a PT/1p ET! http://t.co/ezqp4fOO
278553295168098304	@TheRealJethro he sure does!
278564636608036866	@Emily_Michalak @G0tt_Milk @Jessieex0x0 Check out "Rug Burn" by @tb_stereohogzz and @tk_stereohogzz  - DOWNLOAD AT  http://t.co/AnUHZEu8
278567755983233024	But what that mouth do?????
278581491913617409	.@airofficial make @pmablog's top songs of 2012 list w/ 'Sonic Armada' http://t.co/1bXXgByv
278589551990161409	@LucasErratus ah, yes free shipping is posted on all categories right now regardless of availability. I am sorry for the confusion. ^Mike
278596220132392960	(Dan) #insidegwr Next, meet @PurringSmokey, the loudest purring cat! Smokey purrs at a volume of 67.7 dB!
278642286399721473	The mind is amazing
278661420776837120	@ace184 The rain can put a damper on the shreddin for sure, Jon/ But you're sure to get a  drier day soon, right? What does this week hold?
278670628050071552	@1Disallineed yes!!
278672672525799424	@morganoglesby Thanks for being an awesome fan!
278679306673201152	@Shortydaprince @DJHENHOUSE
278699488535801856	If you have a sweet tooth, read this: Some drs believe sugar is toxic: http://t.co/JrDPFHj9
278736731967205376	Clair León Only Rocks With @TunesHeadphones In His Sessions
278741653970374657	@SINCITY1994 awesome meeting you as well :)
278877027325603842	@jaredbjones Not when we also provide the answer. http://t.co/d5HeOteU
278897334874677249	@HughPinkZiesha NO, I SAID IT WON'T
278948000888418304	Next up in our expansion debate: Should #B1G use divisions in basketball? Get @bigtengeeks' thoughts - http://t.co/fVEJHGD7
278954744670724096	“@Mike_Lman: @MouseMyers can't wait for your mixtape to drop boy. That ish is real, the truth will be heard” almost time bro
278965775472152576	@ThatsBarryGood Then we hope you shower regularly.
278972745612673024	Traditional analytics vs Totango - what's the difference? http://t.co/oY9X8w5W @Zendesk weighs in
278984868917022720	DA: Suspect terrorized Stony Brook rape victim http://t.co/VFkdbsp5
278985000936935425	SHINY! @NathanFillion talks #Castle & #Firefly on @AOTS!!!! http://t.co/Bt6QKJrU
279000602770563074	@RKawulok Your not going even going to have a chance in the first round agains captain Jack.
279020337306431490	#IFWT 12/12/12 Concert Featuring Kanye West, Alicia Keys, And More Airing At 7:30pm! - http://t.co/CpfAJ9gl
279053500372115456	@TheZanderJones Dude!  I heard the news!  Congradulations on the WWE thing! :D
279056153051279360	@JayBee575 Thanks for the support!
279063139524427777	Jonathan Taylor Thomas in "I'll Be Home For Christmas" and 24 more horrible Christmas movies: http://t.co/5wUFfYZR
279063487920078848	@bighay75 What up bro?
279067941549506560	@jamiehay92 Whew! Glad it's still ok! If you see any issues develop, tweet us here and we'll help out in any way we can. Cheers! ^AR
279068856822157313	Amazing #121212 concert... hope all my friends out there are enjoying it and please donate -- New York rocks.
279076985727221761	Keep things that are not providing the results in ur life u deserve n the distance.
279078819867000833	That skirt makes Kanye look fat.
279096234160041985	I just gave money to #121212Concert. And now I will watch National Lampoon's Christmas Vacation LIKE A NORMAL PERSON.
279098371082448897	Ringo's put on a few pounds.
279102209231290368	A friend of mine is in that lock down at #CSUF and I'm so worried about her. Please send some positive thoughts.#N#http://t.co/spHqkb0D
279163869295935488	Miss being able to display Instagram photos on Twitter? Here are some workarounds: http://t.co/PS3cMQRp
279247550006054913	@ncstatester In my experience, there are lots of men who know how to appreciate fine machinery. What brings you in this morning? ^EL
279274405023072256	@webdes03 Congratulations and thank you for your loyalty. We're glad you like flying us. Have a great rest of your day. ^JP
279294121968029696	@sina_bl Welcome to the Elance family! We've got new user webinars: https://t.co/28gCuKIK Let me know if you have Qs! -meg
279294334543736832	16. @FishrmanHawkins - Apache [Global Selection] #gdjb
279314884829782018	12 days until Christmas! Stock up now - and get ready for (way) more giveaways. http://t.co/sHh8Q6Bb
279339429720637440	Puerto Rican man sentenced to 13 years in prison for possession of child porn http://t.co/ilJ5MhKR #ICE
279463248301027328	@Tins1925 mary did you know is beautiful.  @scottymccreery sings it on #xmasinwashington on the 21st on @tntweknowdrama w me and others...
279471531288047616	@SuhiMo61 we were born in Jamacia, Queens & raised on 145st.
279492061076529152	xoxo! “@2KuntryKlass: @lovebscott I ❤️❤️❤️ you in #DTLA”
279497500711325696	When someone likes you .. they'll text you a lot, stay up every night with you, compliment you, and always have time for you.
279564662679404544	@BIGSANT thank you brother
279576670422331392	He Did It Again !!! Woke Us Up!!! Were Still Here !!! Thank #God for Another Day !!!
279595495301713920	The Secret to Reeling in Holiday Shoppers? http://t.co/qHIPc2Ve via @sewatch
279618087362371584	Vascular clamps have been placed on David's iliac artery and vein to stop blood flow while Dr. Tan performs the anastamoses. #living donor
279628091712761858	The very best gifts for mom this year http://t.co/TRuiTgeD
279630066030374915	Follow The Bearded Man's London & Paris trip on Instagram @Thebkcircus.  #brooklyncircus #menswear #london
279649198381604864	@ColorsOfMel Thanks for thinking so
279650964590432257	The launch of 2.0 is a marked milestone made possible through the work of a talented team & fantastic community: http://t.co/IOm0GbEb #NoSQL
279674678719692800	@BillyCorben I don't believe this facebook post is real, I think it's fake... it's to weird that only one friend is posting screenshots..
279686705747996672	Tiny Sandy Hook.. "Everyone knows everyone here" says the owner of this children's haircut shop http://t.co/YL0R69kr
279709854564757504	See how small and mid-size biz keep it simple w/ #ExpressPod, the latest infrastructure solution from #NetApp & #Cisco http://t.co/UCVgnHwS
279734157473615872	Praying for all the families that lost their loved ones today! #PRAYforCT
279735233010614274	From @GoIntoTheStory: If you want to learn a comprehensive approach to screenwriting… http://t.co/wMUtC5GM
279755172173996032	@BloodNGuts_Bree :) You are amazingly kind. thank you
279760228159983617	Join us this Sunday for worship, fellowship, and Pastor Mark's latest sermon from Matt. 2. Watch a preview: http://t.co/70CmzQ0d
279782545611177984	Tomorrow the Clippers return for the first time in 2 yrs! Get 2 Lower Level tix, 2 beer/sodas & more for $92! NOW: http://t.co/QAk8lK1B
279800095938060289	People make mistakes, so forgive and forget. But if it happens again, be smart.
279933881057173505	#IFWTcatchup: NBA (Report): Dwight Howard Knows Where He'll Sign Next Season As Free Agent - http://t.co/aQaaYBS3
279969727948939264	Lt. Paul Vance, CT State Police: Shooter forced his way into the school. #Newtown
279970581888249856	Bring your best big boy! C u home for x Mas“@BobbyBrownShow: Here we go another game against Flint. it's going to be a rowdy one #TwoPoints”
280006818317627392	@KirklandPeach You're all set. Have a great trip.
280045472608043008	@kpainter13#N#Headin to Enid to see @joebonsall & the @oakridgeboys for some Christmas music! #excited" We are getting ready for you!! :)
280100777496829952	This gonna hurt  @ Fight Capital Training Center http://t.co/DK0u1F0o
280131167888482304	@DaWezl  Yes, you are correct. WikiPedia now has a whole report on Adam Lanza
280134025023213569	@BethKrempp @rachelisagoober I will be back from Germany January 8th. When is this show?
280156173448146944	@JayNeal4 f flight club
280188003895349248	@DJORATOR #ThatsSoDrake hip Hop Edition..Even your favorite rapper does unintentionally gay things https://t.co/n3IGck9v
280211101151543297	@CAspear15 yup true true
280236377642266624	Dinner at the @magiccastle w/@ChelkoSays @MrSimonTaylor & @danielkinno then saw @EdAlonzomagic do one of the funniest bits I've ever seen.
280272886839787520	Category 3 Cyclone #Evan - bearing down directly toward Fiji at this hour: http://t.co/p02Oh5Fz Forecast: http://t.co/xcTamLTu #tropics
280294346400616448	@junior2844 this is true.
280308927940399105	@ChristyyArthur Thanks Christy!  #Saints #TBvsNO
280320902187601921	@GoHardJones @YGreVenUe posted up bro. Early bird
280360760654327808	In 45 mins... Tune in to BBC 6 Music as @freshnet presents the UK's Most-Blogged Artists of 2012: http://t.co/rA41p5J3 #Blog6Music
280377596410204161	having an amazing brunch w good friends at the College of the Ozarks http://t.co/ECQrgEON
280391569390055425	Also, for the 2nd time in 24 hours @GreggyBennett has stood me up
280418522302148608	Zillow is hiring! Multiple openings in Seattle, Orange County & San Francisco. Learn more: http://t.co/jMuohxpB
280426922553524224	@IamShaneMorris: Whenever I write on a cast, I always say, "You suck and everyone hates you." Literally, adding insult to injury." Ha
280433299762069504	@Michael_Fabiano from the look of the score more of them in there!
280442860329897985	@SimonMerrick yup
280454765006163969	#Twitter 101 for Lawyers: 3 Tips to Make Your Tweets Stand Out - http://t.co/ly7ld24M
280474980314140672	bigboi: Making Power Moves with @iamtonyneal and the Core D.J’s in Detroit #viciousliesanddangerousrumors http://t.co/kKYup5XZ
280487287098322945	Trending Worldwide for #WWETLC: R-Truth (@RonKillings)
280487940839325696	Yyyaayy @bieberssgrande how do you think you did? -- @nessnitty
280510188878974976	@Deja_You Go watch right now!!!!!!!!!!!
280521657020452864	Great win tonight.  Appreciate the support from #CowboysNation.
280551152343449600	@danielasings heard it on my local news just minutes ago. :(
280560014295449600	Don't get to comfortable!!
280561035830767618	Shout out worldstar
280632998662135808	@MooseDiesel81 congrats niner nation don't forget to take your helmet off thru security
280664841482559488	Final tanker removed from derailed NJ train http://t.co/qtd9mcO9
280704297556127744	5 tips for setting social media strategy in 2013: http://t.co/fQEoXjy1 (via @DallasBizNews) #socialmedia
280709411637444608	@Fitz152 @gmgeiko - banning assault weapons is a start
280722288083599360	@lauraedan Good Morning what's on your Vegas to do list today?
280722615868477440	Today on Kelly&Michael they covered the worlds longest word!! You know. The one we did on Thursday @iamJessicaHall   CUTTING EDGE baby!!!
280722931963801600	Feelin' a bit 'Radioactive' + channeling our inner @ImagineDragons -- http://t.co/7ThBAQKj #np #MusicMonday
280756423678361600	@Domi5schu I know it's true! One of a kind!
280757001343090691	@folkuspoint Here's the recovery tool - http://t.co/CKGRu2ed. Let's get the log-in info, then redeem MSP code at http://t.co/l79rgDbg. ^AR
280781377425772544	@KamPatt @HolemanandFinch @Yardbird @chefjohnbesh Just don't read the comments. 800 people who think Southern food as an era from 1930-1952.
280783617276403712	Working on @citizenway’s record today with @sethinmotion. Love these guys. Look for their debut record in 2013!
280791352550244353	A Kickstarter worth supporting, organized by a friend of mine: http://t.co/VtYZlqp5
280795070641364992	@Mr_Numz: @1987Marty yo my dude. Did you start writing that blog yet? Seems like it would be interesting" Naw i haven't.
280822603923468288	@damselincontrol Thanks for tweeting ♥
280826193383665664	Who has dogs? I want to see pics!
280839466824892416	HMU for features, doin all verses for the low till January
280867133133570048	@iTS_Kellz_ Everyone on our sideline is determined to do all they can to get the win for #JetsNation.
280921986195132416	@alfslyasafox yep! Pretty amazing
281041486412394497	Folks, it's not about color but results! That's why I'm happy @RepTimScott will serve SC in the Senate! #tcot
281044377873289216	JC Penney Co.'s new strategy has yet to produce returns http://t.co/rSVx0MfY @jcpenney #justkeepswimming
281056403492311041	My beautiful sister is an angel singing at the Washington National Cathedral this morning. Life is so precious. http://t.co/YRFcUAgj
281073858541395968	@c_low8 @Rangers im.not leaving. I was trying to text another player haha sorry
281079963287973888	@ABallerDotCom No, just your first and last name and the hash tag.
281081743346384897	@DanWaldo The last week of the year is my best bet, or the first few days of the new year. Jan = madness
281088748236713984	@DJProstyle Ft. @TheRealChadB "Presidental"  http://t.co/hJlhVuWN   #AllHipHop
281107429947752448	Stumped on stocking stuffers? NFL licensed Duck Tape from @theduckbrand is now available. http://t.co/aRn8VN7B
281142616102412289	We’re looking to build our Customer Service dept. in Aurora, CO. http://t.co/kZtyk3iy. #Apply for a job with a view.
281148432222146560	@ZacWassink And I am a passionate Calgary Flames fan ... best-kept secret that's no longer a secret.
281165344020770816	@jenmacmillan yeah long day, thanks for flagging.
281173550633713664	There's a girl rave hula hooping in the airport #denver
281174969298350080	Only person besides my mom and sister getting anything for Christmas is @bummedTay !!
281198636040347648	@nathan_mccavery So glad Nathan! I've been loving their music too. Merry Christmas! -Jacquie
281202204092821504	@nrichielatino Thanks
281204017453993985	@joshgreenman it's something I've been meaning to say for a while.
281221134169559041	“I don’t connect with some of my jokes anymore.” Tig Notaro on how surviving cancer changes humor http://t.co/vbWs4sG4
281227009307316226	Shout out to nor cal smoke shop for the package!!! http://t.co/5FsoMa04
281228553893343234	@MattHackett31 who are you calling a shmelt? Watch the glove, little slow today. #caron
281278517164007424	“@CrissyLuvz: @tyDi so is LA your second home?”#N##N#Yep ☺
281336075824291840	@bwriddler You're trying to link your Youtube account to your Elite? What is the exact error message are you receiving? ^JJ
281432038186315777	We played a vicious Comrade Z w/ our symphonic friends @theTroubadour & will air on Invisible Children's blog soon http://t.co/CUS1yZ3u
281437242680045568	Barack Obama -- How Did SPIDER-MAN Get in the White House? http://t.co/mZNNWqri http://t.co/PAKeydok
281471106928480256	@tdagraca Great choice - We hope you get the chance to do this someday!
281488204413157376	Good news as bad storm nears: Sledding, skiing to open in Madison parks http://t.co/GvMmVzGt #wiwx
281489312430817280	@GooNiez_SODMG yea
281491600188776449	A1: UGC can also be a great promotion tactic, as it should motivate the user to do the work sharing with friends/family. #SEOpub
281512792316575744	The NFC Offensive Player of the Week might be the leader in the clubhouse for this week's defensive honor. http://t.co/iCpHhB3b
281523384465100800	Get your holiday jewelry from @sneelyjewelry and @naderkash. I'm very happy with my special order.
281535287539146752	Sen. Scott Brown Supports Ban On Assault Weapons http://t.co/95fBvngv via @igorbobic
281567478230953984	@TheYouAmI I just tried to buy a you am I song to be played on my tv show in America and they asked for 20k Dolby what everyone else asked.
281584300548296705	Miss Brazil & Miss Philippines.
281594479201370112	So, the U.S. takes back the Miss Universe crown. Is it just me or does it seem like an outdated tradition? Can Miss USA revive it?
281608115177279488	@michaelthal35 Did you see our update? @WisconsinUnion, SAC will be open even though @UWMadLibraries will be closed.
281618304987172865	@mlsrumors @TaylorTwellman @TedDMeyer Bretos.
281674087028367360	Why does @WorldBank #openaccess matter? It provides easier access to our knowledge for the student or researcher http://t.co/fnlukwFN
281735897446248448	#Breaking News. #Tornado reported in Alabama #alwx http://t.co/RNL1ozos
281773316480593920	Look me in my face USADA I ain't got no worries.  I piss hardwork, excellence, and holiday glitter
281786060248330240	This year's Christmas dinner might be a little awkward http://t.co/zSuvDVm0
281792971089797120	Read @AtriChatt's recent blog post to learn how other #smallbiz are reacting to the #fiscalcliff: http://t.co/ev7nHjWj
281795586875850752	Want to hang with @Coldplay & @JayZ on #NYE2013 at the @BarclaysCenter?! Thanks to @LiveNation - you can! http://t.co/onvWPUuh
281834456740929538	14 Ways The World Really Could Come To An End by @microbelover http://t.co/2SinaEgr
281840612158877696	Yes and @boomboomhiller!“@dfickas: http://t.co/tb35Gjtt SF Sketchfest trailer!  Always a pleasure to work with the amazing @yolakin”
281840715011616768	State mottos get a typographical treatment by @Dan_Cassaro at the @acehotel http://t.co/GIvybh6b
281847222457466880	What's Up #Drafties
281859787774390272	Lewis: Have yourself a merry little Cliffsmas http://t.co/Fcts2Td8 Good review of public, business sentiment on #fiscalcliff
281863454304899072	Hey you guys! Please follow my wife's new business @studio3fitness! She's launching Jan 7th!
281870879313506304	Freshly baked iPad sleeve leaving SF for bratalie55 #freshbagfeed http://t.co/s3owSJLk
281881039599714307	New BTS with the luscious @Jessicaleccia coming this afternoon! Boom! Bam!...and enjoy xo
281897471960031232	Partners In #Elf: "We’re almost halfway done & need your help to reach the finish line!" http://t.co/MVA8JHqX http://t.co/mzZObhL0
281909011425685506	@ashleesimone @zappos we can agree on that! :)
281927212091981824	tell me it's real http://t.co/EaSZKtfP
281928374019047424	Political defeat tonight for Speaker Boehner who pulls "Plan B" because "it did not have sufficient support from our members to pass.
281932405919608832	Hit up http://t.co/mWGGZN6S tomorrow for your chance to win a snapback, zip up hoodie, and t-shirt from P...  http://t.co/f6Rr1Pie
281978577870811136	Iowa Lesbian Couple Win Fight Over Death Certificate for Child http://t.co/alIqubzH
281996042394824704	@Jer4Kings Yeah.  I record it all at home and send it off.  Where it ends up, I don’t know until it airs.
282077269223149568	@KellyDivine aw shiet lol. Im goin next month. Workin I see. #Salute
282095161570381826	Ex-WH chief of staff Bill Daley says he's "seriously" considering run for IL GOV #HotlineSort
282129133914443776	@LizAnjos I don't know witacre
282136167099535362	White House Soup of the Day: Shrimp and Corn Chowder
282138093434306560	@ATLCHARLIEBROWN @ballordie21 find my shoeeees!
282178635455148033	Hagel retracts 1998 statement on gays http://t.co/upnrR4Cn
282189354686889984	Right now @BYEtoby is showing me different houses and their values.. He's growing up too fast
282203854026715136	@RoderickWorld not a damn thing! Jus Tryna make a dollar outta 15 cents
282208948206043136	We have Senators telling us that they "have no idea" how the fiscal cliff impasse is going to be solved
282215282955673600	@DPHoug55 Come on Dad,I left you off the list of things I'd miss cause I figure you & I would survive. & twitter only has so many characters
282216597563789313	#ShopTransit at the @NYTransitMuseum online store 'cause you're a Native New Yorker. http://t.co/UlBEQMQi
282240783191523328	#FF #BlackListwriters @davidiserson @wrathofcondal @iamrashidajones @litwack @lizwgarcia @danny_strong @tylerhisel @theteenagehead
282263194444103680	@IrregularRadix Hi Ashley, please call our support team at 800-357-6675, they can help you with questions about your mortgage. Thanks. ^SP
282288891266998272	@_SusanElizabeth You got the double rainbow!!!
282364504350797825	Not acceptable; temp worker has been terminated; UPS has made it right w/ this customer. MT @fmanjoo Watch UPS Driver Steal & Get Caught
282369037709754369	@iCook247 hahsha you are so Radom
282528063114317824	@CamsTweetin What size are you looking for?
282562572551589888	The judges obviously love Kimberley and it was quite beautiful waltz.but it is audience votes that count this time
282583219679940609	It's a jail break in here if there was a jail full of drunk midgets. Everyone running as fast as possible in ALL directions #theyneedaleader
282627761955282944	Thank u @stantoncompany for the Helen Ficalora necklace. http://t.co/59ts1MR5
282650492625121281	#Raptors tweeps killing me on Valanciunas<Bargnani. I'll say this: Cousins>Valanciunas. Cousins plays inside, Bargnani outside.
282665613745340416	Chart: Personal saving rate (as a percentage of disposable income) rose to 3.6 percent in November from October's 3.4 http://t.co/uIsaJitr
282671640918253568	@JenKirkman Love you.
282672615003414529	@justinejanelle what's going on Justine?
282674388627759104	Walking with a friend in the dark is better than walking alone in the light -- Hellen Keller
282681802953465857	Just arrived at @FirstAvenue with little sis to see @masonjennings. Good crowd! #rockon
282718687490867200	Sometimes I wonder if I'm being protective or just plain selfish...
282895921644179456	“@BlueBurnah: S/O 2 @MouseMyers #KeepGoingHarrd”
282930673176674304	Cards game today! I might be the only true Cards fan in the stadium today. Fake bears fans drive me crazy.
282939266215063552	♫ Who's Coming?: Charleston, SC - Jan 20 at The Pour House http://t.co/oXzgOeXT
282947386756710401	@jamiewolves7 @pshhaww Data acquired in 2009 dropped the 2036 likelihood from 1-in-45,000 to 4-in-1 million. Likely to drop more.
282961102084657152	Overtime.
282969107249373185	What makes many social media contest suck?  http://t.co/kFWytJ7N
282997366292885505	Wit my som And my Cuban family zip locks to hip hop http://t.co/sZotFnS1
283008323333263360	“@_DrewBrown: Finally got a case to frame it. @DHuddy41 http://t.co/cW9cR6HS” nice! Looks good!
283044170443153409	Go back and read my timeline from Friday for some yuks...
283101569740836865	@sheena_thompson oh the little bells on her collar!! Hahahah!! I LOVE LOVE LOVE IT! Thank you so much for showing me this!! Glee!!
283168940241342464	ASAP ROcky is the king of his castle. Lots of models live there. Watch @ASAPxRocky's new "Long.Live.A$AP" video NOW! http://t.co/Ds01d5Ea
283175722351214592	@Ladies_luv_Tray Hey, would you like us to review your policy with you? -Shay
283207891383640064	@Benjamin_Lewis We're thinking about some options in the future. Glad you are loving the app.
283215955583193088	Are you serious? Beyond legit. Some bad cats right thurr.@TheWat1734
283250210854014977	Breakin Badly Chadly! Miss you x “@screamtattoo: Fury... buckcherry @buckcherry @steviedacanay #buckcherrydailydose http://t.co/nsy28lFL”
283282094350815232	GL @crzystu I got this LIL brother @TheGrinder44 can't win we played 15 sets I won 11 he won 4.
283288503104716800	Ravens win division, hurt Giants' playoff chances http://t.co/x8jcTtLx
283293398801190912	@CamRaFace I joined last night dawg.
283314030838439936	@yookc I would've been more impressed if you ran into Tevin Campbell. #HighSchoolTunes
283342473491791872	@Jayba11s If you ever want the latest Xbox updates, the official Xbox Support on Twitter is here to help. Come follow & tweet us. Thanks^KN
283357722932563969	Learn how to be a Social Media Ninja-- if you're ready! Grab my ebook here:  http://t.co/tYqKrlYx
283382091436134400	@DrewZachary Tomorrow promises to be a very Smallville Christmas. I'll be thinking of you!
283409144080392192	It's the night before Christmas and all thru the house not a creature is stirring not even a spouse, silent night, come on Santa we're ready
283413020116393985	Over 41% of mobile device owners have purchased in response to an email promo viewed on mobile. http://t.co/PNZHubRR
283459351069487104	Merry. Xmas to me http://t.co/ssp2AP4L
283580222912225282	@abscastillo @sarahcolonna @chelseahandler @chrisfranjola @bradwollack @chuybravo @jenkirkman and Merry Xmas to u all lots of love
283623101416222721	Where my drunk uncles at?
283630717055930369	Day 25: Win a Nexus 7 (32GB), HTC One X+ (AT&T LTE), Lenovo IdeaPad Yoga 11, Sonos HiFi, and Jawbone JAMBOX http://t.co/Pb5aOU2d
283660078312206336	@sufiauddin Would you please have your brother send the details to Customer Care team at  http://t.co/UAgoewb7 ? Thanks, ^AB
283660337771859968	@GeorgePabis From your lips....
283665934818873345	#LakerNation we back now that we got NASH back on the court!!
283673898531295232	VIDEO: Big Men Team Up - http://t.co/JXD3wESf | Kobe Puts in the Reverse Drive - http://t.co/GL5PNZzj #GoLakers #NBAXmas
283701152237883393	@thefumusic you guys are the beat!  Please spread the holiday cheer to others to go
283702027668828160	@KlausTehPoni BOOM!  That's pretty awesome! Merry Christmas!#R##R#Jesse
283702036321673216	Felton, pass the ball!
283723443206230016	@gnunn66 hahaha I love it
283727439136444417	Guys I gotta stay in first! Please go vote for me over and over again http://t.co/6ID7i9oJ
283731819906600960	@BarbotRobot I'm in buenos aires :)
283803739272409088	EXCLUSIVE! @Kari_Nautique #HustleBootyTempTats Feature on The Heyman Hustle! http://t.co/kBw0u22l
283828253876170752	Congrats to @iamkinglos @thee_lolamonroe!!!
283832456082231297	@josephanthony4 HAPPY BIRTHDAY!!! so sorry I'm late but I will make it up to you by requesting for @rosieposiepie74 to sing "happy bday! :)
283963362147172352	@arielvarelam Have you tried resetting the device? ^Amanda
283996548378001408	The 12 Days of Leftovers Sung by Creepy Food in a Refrigerator http://t.co/o4nFOCsJ
284001239778332673	We dropped "Real Talk" over a year ago....it was our blueprint for 2012...means a lot to know it worked
284018156115222528	I had to post this again.. If you not from my hood or city you wouldn't understand this pic is a classic!!! http://t.co/y3lZzT5P
284031454227333120	@SoWrongFitness Ugh...yea, huge confusion.
284034838770622464	YouTube Sensation Earns NFL Tryout: http://t.co/BLMp8Cu9
284042685105459201	@M0Re_eB Sounds like that is a pretty good deal!  We'd love to help you Protect Your Stuff!  Tweet us or @nortonsupport with any questions!
284073026159525889	Fresh out the booth
284103808227880960	We Want You http://t.co/u77I5XaO #Tchat
284131609073045504	Even as LAL continue to let Faried hurt them at both ends (13 points, 10 boards), Gasol remains hot, draining another 3. He has 13.
284173071596781568	'Only Taiwan' holds any reins on China http://t.co/dExcHRMn
284176779751612416	@A_HallOfficial yes! Did u?
284193549912768512	@MK_TnTChic nope not in it
284324970639798272	Next up: an epic @nytimes correction on an epic obituary. #2012newsquiz
284345781043990528	i swear @spikelee mighta been onto something 12 years ago.....http://t.co/4wCL0bWN
284346791472812032	GOP willing to bend on issues: Tax hikes, immigration, guns on table after election loss: http://t.co/RGzNHbJH
284364320480051200	@SeerGenius i can schedule a technician visit to resolve this, if you like.
284368290938253312	Hey #AdventureTime fans! XBOX has great deals on episodes during the holidays! RIGHTEOUS!! http://t.co/dgbaKwHQ
284392889511972865	@neeraj Thanks for the shoutout. Glad to hear you are happy with the #custserv.
284403844534910976	ugh what a night/morning
284407028162637824	PNC's systems are currently available. If you encounter a delay accessing online banking, try logging on again or message @PNCBank_Help.
284408345664815104	#SJSU #Spartans extend lead to 10-6 on a 36-yard field goal. #MilitaryBowl
284428464721907712	@Vendesites Have you reached out to our Support Team yet? They're here 24x7 and should be able to help troubleshoot with you. ^J
284458881529311235	@tony_laura you know the DMV is a state enterprise, not federal, right? And, also, you know hospitals are remaining private enterprises?
284465230287888384	@ModelsMania Let's do it!! ;) thanks very much!
284465496122859520	@RusherGoN_BT Good! U?
284482193412210688	@ajsharp nope, just saying you don't leave the game when the odds are getting better to be at the table... hard part was the last 5-10 yrs
284524898649509888	S/O to @thel0stb0y for coming thru for me tonight def can count on u to make ish happen wen needed #salute
284549088391864320	Bless u-->RT @cutecakes100: @JasonKennedy1 AWWW of coarse you can Jason! If you got time to fly to New Jersey the guest room will be ready
284645003186294786	Vote: Would You Rather See the Patriots Play the Bengals or Colts if They Play Wild Card Weekend? http://t.co/wkuuFd0o
284652706671497217	Head of @bermaninstitute discusses #birdflu research, risk & #publichealth: http://t.co/7mCtSVOn
284695635918192641	@ChannyyXOXO happy birthday lovahhh!!!! #phuckyoOTHAdates #dec28navi #webadtheymad - where is the other angle to our triangle tho?
284740838339260416	@amandaB729 Yer the best other daughter ever!!
284747159679688704	@paulmccord @aarontuttleok thanks.
284750588674179072	Run Club is tomorrow at 10am @NikeFashionVal. Bring a friend and come ready to run. http://t.co/FDp1jibJ
284764089614487552	@booredatwork We loved your reviews from last year, will you be at CES next week?
284783056764665857	Edgar Bar and Kitchen opens in D.C.'s Mayflower Hotel. http://t.co/oYyeOD11
284790632151674881	The office for today. Subaru mechanic. Working on a new poem! http://t.co/rMihP3TQ
284792196547375105	The Year in Tech, from @NetworkWorld: It's all about the #Cloud and #SDN http://t.co/I23VKVPR
284831165725151232	@oddjob626 Thank you for your patience.  We hope to have it up and running 100% soon. ^CW
284853600964976641	New Versace for the low #Winning http://t.co/xlOFH2hO
284854637671112704	My schedule has been wacky. How are you? “@KatelynAKruger: @RichelleCarey awesome! I never see you on tv anymore 😩”
284862808091410434	Ha Ha I made the list! #N#http://t.co/W8YYkX2x
284866719695130625	@sassbrooks those corny love accts crack me up!!! i'm like that stereotypical emo depressing goth chick in high school right now lmaoooooo
284877231103299584	Tinsley delivers a 3! 106-102, Clips headed to FT line. #LACatUTA
284903234475261952	#Red is mine . http://t.co/INasdHGV
284949614476537856	6 Indispensable Free & Freemium SEO Tools http://t.co/5XXvHihR
284950386786308096	Mel Gibson in the club. #TooMuch #BootsyBellows @MDMOLINARI
285005936660209666	Good morning.Last day with @StrenthToStand.
285042515671937024	Today: Download our exclusive @M_Ball28 wallpaper and tell us, is he the Greatest Badger of All Time? http://t.co/MTEy5Va5 #rosebowluw
285049719737155586	Forgot how much I missed -10F temps #colorado #mornings #frozen #nose #hair #vail
285050245166010368	It's a shame that there is only one good bowl game on today worth watching, TEXAS vs. OSU
285052905126518784	Woke up to snow and Another storm advisory for Buffalo.
285094553210478592	@AStern5 please don't.
285098799150551042	Get ready for this. #NYC 1/30/2013 http://t.co/Qggqc4ba
285111940815126528	Sources confirm to @ESPNAndyKatz that Kevin Ollie will receive 5 year contract extension at #UConn.
285149926307004416	@MandySchendel Good luck, Mandy! We know you're going to be fabulous. :)
285155688957755392	If Phil Jackson is interested in coaching the Brooklyn Nets, I suspect Prokhorov is going to have to pay him $12M to $14M a year.
285169401802653696	@BrookeLovejones 😃 Ok, I'll be looking forward to it.
285182399682314240	@robdelaney shoulda been on the #gagreel
285190110889267200	@courtgolf Interesting thought. They are simply a prisoner of the lobbyist who donates so much.
285191211164250112	Geno Smith must be wishing West Virginia hadn't been bowl eligible this season after today's performance. #horrid
285202144993374208	@AidenEdwards_97 We are trying to get out there again to try to do a special, we'll see!
285221806342828032	MMA tweeps quick prediction Leben or Brunson? I got Brunson
285222288134111233	@AkudamsTruth ❤Thank you so much for taking the time  to make such kind & intelligent statement, Happy New year to you and your loved ones!
285222502857314304	7 steps to task order success & revenue growth - http://t.co/B4Hrixl8
285223637936656386	10-0 Memphis run (8 by @RudyGay22) @denvernuggets 78-68 with 1:37 left in the game. Memphis has their largest lead of the night! #GoGrizz
285261152332701697	@JoelBebermeyer not that much rhymes with fiscal. Or orange.
285282736258818049	My minibar #raging http://t.co/1l8vNgDx
285293510662451200	Had to make a quick stop at lax before I go to bed. http://t.co/7CZRhikd
285335714533625856	Corned beef hash #breakfast #foodporn  @ Wolfgang Puck Bar & Grill http://t.co/pH9YHMMr
285399859031310336	“@Jillsfoodtravel: @VisitSavannah Yummy Sticky Bun at Goose Feathers. Great breakfast spot. http://t.co/vvXM9QNg” // Looks delicious!
285439287229571072	Looking to get in shape for #2013? No Excuse Workout http://t.co/FVJi6nWU #FitFluential
285457005869678595	The unsportsmanlike conduct in DET. Gunner ran out of bounds and ran parallel to sidelines without coming back in. That's the foul.
285494860490870787	@travel4food Congratulations. ^CB
285495506078162945	@VivaLaStace I was tired of seeing pics of him anyway. 😜
285503864751390720	I never saw him lose a wind sprint in practice. COMPETITIVE FREAK. Good dude too. Be well. @Fgbrisco “@RealKevinNash: Peterson is a beast”
285555769217273857	And here we go!!!! The Sunday game I've been waiting for
285558979176824832	@SoulOfTheLaOch awesome man. Congrats!
285559235759194112	Gold-Dusted Orange-Scented Bourbon Balls / Jennifer Martine yuuum http://t.co/VpWlb7ym
285563594945474560	I could make a 37 yard field goal!" Said every fan who has never kicked a field goal.
285600729106890752	Hey guys!!!! Please check out my newest original music video "The Look" featured on @TCNCountry! :) http://t.co/KCGFZ3J6 #OhNoHeDidnt
285625337839226881	@skineecoww yes must see
285627104144547840	I love bad bitches that's my fucking problem and yea I like to fuck I got a fucking problem
285627534278787073	@Trey_Deuces Congratulations on the huge game & playoff berth! We'd love to have you on the show. DM us if you can call in between 6-10am ET
285732254657966080	The MIXX Shop is now open! visit http://CafePress/TheMIXXShop for shirts for the whole family, stickers, hats, and MORE! Happy shopping!
285781076113227776	Do you have any #business resolutions for 2013? #HappyNewYear
285800249660944385	Elvis is in the Building" - I was in Kroger late one night when I took this photo. This 6 foot something gu http://t.co/ROXQzUTO
285829322693038080	NEWS: LETTERS FROM REESE - DECEMBER 31, 2012 http://t.co/CLfIUt7x
285830222283173888	A letter from a #USCT soldier to his enslaved wife. This story has a happy ending: http://t.co/qjwVEr0u #blackhistory #EP150
285837176674058240	Separated ac joint :( no fun.
285854395445440512	COMEDY CENTRAL#N#Special New Year's Eve programming w/ Marlon Wayans begins at 7pm and goes until midnight.  (Begins 7pm in all time zones.)
